Canonical_Smiles,Labels
O=NN1CN2CN(CN(C2)N=O)C1,mutagens
C1COCOC1,mutagens
NC(=S)N,non-mutagens
C[C@@]12CC[C@H]3[C@@H](CC[C@H]4C[C@H](CC[C@@]34C)OC(=O)Cc5ccc(cc5)N(CCCl)CCCl)[C@@H]1CCC(=O)N2,mutagens
CC(=O)Nc1ccccc1C,mutagens
COC(=O)Nc1nc2cc(ccc2[nH]1)C(=O)c3ccccc3,mutagens
O[C@@H]1CC(=O)c2c(O)ccc3c4ccc(O)c5C(=O)CC[C@H](c45)[C@]1(O)c23,mutagens
C[C@@]12C[C@H](O)[C@H]3[C@@H](CCC4=CC(=O)C=C[C@@]34C)[C@@H]1CC[C@@]2(O)C(=O)CO,non-mutagens
N[C@@H](CCC(=O)N[C@@H](CSC(=C(Cl)Cl)Cl)C(=O)NCC(=O)O)C(=O)O,mutagens
c1cc2ccc3ccc4ccc5cccc6c(c1)c2c3c4c56,mutagens
OS(=O)(=O)c1cc(Nc2ccc(cc2[N+](=O)[O-])[N+](=O)[O-])ccc1Nc3ccccc3,mutagens
NC1=NC(=O)N(C=C1)[C@H]2O[C@@H](COP(=O)(O)O)[C@H](O)[C@H]2O,non-mutagens
CCC(=C)C=O,mutagens
c1ccc2cc3cc4ccccc4cc3cc2c1,mutagens
C1CS1,mutagens
S=C=S,non-mutagens
ClC[C@H](Br)CBr,mutagens
O[C@@H]1OCC=C2OC(=O)C=C12,non-mutagens
O=S1(=O)CCCC1,non-mutagens
OCCN(CC(=O)O)N=O,mutagens
Cc1cnc(C)cn1,non-mutagens
CC(=N)S,non-mutagens
CC(C)NC[C@@H]1CCc2cc(CO)c(cc2N1)[N+](=O)[O-],mutagens
O\N=C/C=N/O,non-mutagens
FC(F)(F)COC=C,mutagens
Nc1ccc2nc3ccc(N)cc3nc2c1,mutagens
CC(=O)N(O)c1ccc(\C=C\c2ccccc2)cc1,mutagens
CCOCCOCC,mutagens
CC(Cl)(Cl)[N+](=O)[O-],mutagens
Nc1cc(Cl)cc(c1O)S(=O)(=O)O,non-mutagens
FC(=C(F)F)F,non-mutagens
FC(C(F)(F)F)C(F)(F)F,non-mutagens
BrCCOC(=O)C(=O)OCCBr,mutagens
CCCCCc1cc(O)cc(O)c1,non-mutagens
C1CCC=CC1,non-mutagens
CC(C)CNCC(C)C,non-mutagens
o1cccc1,non-mutagens
CN1c2ccccc2C(=[NH2+])c3ccccc13,mutagens
O=NN1CC(=O)NC1=O,mutagens
COc1cc(Cl)c(OC)cc1Cl,mutagens
[O-][N+](=O)c1ccc2ccc3c4ccccc4[n+]([O-])c5ccc1c2c35,mutagens
Fc1ccc(CCl)cc1,non-mutagens
ClC1=C(Cl)C(=O)OC1,mutagens
Nc1ccc(Cl)c(Cl)c1Cl,non-mutagens
Clc1nnc(Cl)c2ccccc12,non-mutagens
CN1CCN(CC1)C2=Nc3ccccc3Oc4ccc(Cl)cc24,non-mutagens
OC1=C(O)C(=O)C1=O,non-mutagens
CN1C(=O)N(C)c2ncn(C)c2C1=O,non-mutagens
CC(C)Nc1nc(Cl)nc(NC(C)C)n1,non-mutagens
Cc1cc(C)nc(SC(=O)OC(C)(C)C)n1,non-mutagens
CC(=CCC[C@](C)(O)[C@H]1CCC=CC1=O)C,mutagens
C[N+]1(C)CCOCC1,non-mutagens
C[N+]([O-])(CCCl)CCCl,mutagens
NC1CCCCC1,non-mutagens
O[C@@H]1Cc2cc3cccc4ccc5ccc1c2c5c34,mutagens
CC(=C[C@H]1[C@H](C(=O)OCN2C(=O)C3=C(CCCC3)C2=O)C1(C)C)C,mutagens
OCC(CO)(CCBr)CCBr,mutagens
ONc1ncnc2[nH]cnc12,mutagens
[O-][N+](=O)c1ccc(Nc2ccc(Cl)cc2)cc1,mutagens
C1COCCOc2ccccc2OCCOCCO1,non-mutagens
CC(C)[C@@H]1CC=C(C)[C@H]2CC=C(C)C[C@H]12,non-mutagens
Cc1ccccc1OC[C@H]2CO2,mutagens
Cl[C@H]1C=C[C@H]2[C@H]1[C@@]3(Cl)C(=C(Cl)[C@]2(Cl)C3(Cl)Cl)Cl,non-mutagens
O=C1C=CC(=O)N1c2ccc(Cc3ccc(cc3)N4C(=O)C=CC4=O)cc2,non-mutagens
CCc1ccccc1O,non-mutagens
C[C@@]1(O)CC[C@@H]2[C@@H]3CC[C@H]4CC(=C(C[C@@]4(C)[C@H]3CC[C@@]12C)C=O)O,non-mutagens
C[C@@H](O)[C@@H](N)[C@H](O)[C@H](O)C=O,non-mutagens
Nc1c2[nH]cnc2nc[n+]1[O-],mutagens
O1[C@H]2C=Cc3cccnc3[C@@H]12,mutagens
O=C(n1ccnc1)n2ccnc2,non-mutagens
NC(=S)Nc1cccc2ccccc12,mutagens
Oc1cc(O)c2cc(O)c([o+]c2c1)c3cc(O)c(O)c(O)c3,non-mutagens
ClC[C@@H]1O[C@H](CCl)O[C@H](CCl)O1,mutagens
Nc1nc(O)c2[nH]nnc2n1,non-mutagens
O1[C@@H]2C=CC=C[C@H]12,mutagens
CS(=O)(=O)OCCCNCCCOS(=O)(=O)C,mutagens
Oc1ccc(\C=N\c2snc3c(Cl)cc(Cl)cc23)cc1,mutagens
CC(C)(N)[C@@H]1CC[C@@](C)(N)CC1,non-mutagens
CNP(=S)(N1CC1)N2CC2,mutagens
ClC(=C(Cl)c1c(Cl)c(Cl)c(Cl)c(Cl)c1Cl)Cl,non-mutagens
Nc1c(Cl)c(Cl)nc(C(=O)O)c1Cl,non-mutagens
Cl\C=C/C[N+]12CN3CN(CN(C3)C1)C2,mutagens
N[C@@H](CS\C(=C\Cl)\Cl)C(=O)O,mutagens
OC[C@H]1O[C@H](C[C@H]1O)N2C=C(CO)C(=O)NC2=O,mutagens
ClC1(Cl)C(=O)C=CC1=O,mutagens
Nc1ccc2C(=O)c3ccccc3C(=O)c2c1N,mutagens
CCCCCCCCCCCl,non-mutagens
CC(C)Br,mutagens
ClC=C,mutagens
COC(=O)[C@@]12O[C@]1(C)[C@@H](OC2=O)C(C)C,mutagens
COC(=O)C1=CCCN(C)C1,mutagens
O[C@@H]1CCO[P@@](=O)(N1)N(CCCl)CCCl,mutagens
C1CCNC1,non-mutagens
CCN1C=C(C(=O)O)C(=O)c2cc(F)c(c(F)c12)c3ccncc3,non-mutagens
c1ccsc1,non-mutagens
Cn1c(N)nc2cc(O)ccc12,non-mutagens
O=C1NC=NC(=O)N1,non-mutagens
ClN1C(=O)N(Cl)C(=O)N(Cl)C1=O,non-mutagens
O=C(ON(OCc1ccccc1)C(=O)c2ccccc2)c3ccc(cc3)C#N,mutagens
CS(=O)(=O)Nc1ccc(Nc2c3ccccc3nc4ccccc24)cc1,mutagens
NC(=O)CNC(=O)C=[N+]=[N-],mutagens
CCCN(CCC)[C-]1\C(=[N+](/O)\[O-])\C=C(C=C1[N+](=O)[O-])C(F)(F)F,mutagens
C1C[n+]2ccccc2c3cccc[n+]13,non-mutagens
O=C1CSC(=S)N1,non-mutagens
CN(C)CCOC(=O)C=C,non-mutagens
COc1cc2O[C@H]3OC=C[C@H]3c2c4OC(=O)C5=C(CC[C@@H]5O)c14,mutagens
C\C=C\C,non-mutagens
O\[N+](=C\1/C=CC2=C3C=C\C(=[N+](/O)\[O-])\C=C3C(=O)C2=C1)\[O-],mutagens
CC(=O)c1c(O)cc(O)c2C(=O)c3c(O)cc(O)cc3C(=O)c12,non-mutagens
C[C@H]1CO1,mutagens
C[C@H](CCc1ccccc1)c2ccccc2,non-mutagens
C1CCC2=C(C1)c3cc4ccccc4c5cc6ccccc6c2c35,mutagens
CN(C)C(=O)Oc1ccc[n+](C)c1,non-mutagens
NC1(CCCC1)C(=O)O,non-mutagens
CCOC(OCC)\C=C(\C)/CCC=C(C)C,non-mutagens
OC[C@H](O)CI,mutagens
OC(=O)\C(=C(\C(Cl)Cl)/C(=O)O)\Cl,mutagens
CC(C)[C@](O)([C@@H](C)O)C(=O)O,non-mutagens
CN1CSC(=S)N(C)C1,mutagens
CC(C)c1c(O)c(O)c(C=O)c2c(O)c(c(C)cc12)c3c(C)cc4c(C(C)C)c(O)c(O)c(C=O)c4c3O,non-mutagens
Oc1cccc2ccc[n+]([O-])c12,non-mutagens
Nc1cccc2cc3CCCCc3nc12,mutagens
C[C@@H]1C(C)(C)c2cc(C)c(cc2C1(C)C)C(=O)C,non-mutagens
S=C1SSC2=NCCN12,non-mutagens
CC1(C)C[C@H]2C=C(CO)[C@@]3(C[C@]3(C)[C@@H]2C1)C=O,mutagens
Cl[C@@H]1CN(C[C@H]1Cl)N=O,mutagens
NP(=O)(O)N(CCCl)CCCl,mutagens
O=C([C@@H]1CO1)c2ccc3OCOc3c2,mutagens
COc1ccc(cc1)c2nc([nH]c2c3ccc(OC)cc3)c4ccc(C)cc4C,mutagens
Fc1cccc(F)n1,non-mutagens
CCCCCN(N=O)C(=N)N[N+](=O)[O-],mutagens
CC(C)Sc1cc(Cc2ccc(N)c(SC(C)C)c2)ccc1N,mutagens
CN(N=O)C(=O)C,mutagens
Cc1ccc(C)c(O)c1C,non-mutagens
Cc1cc(cc(C)n1)c2cc3N(C4CC4)C5=CC(=O)NC(=O)N5c3cc2F,mutagens
Oc1c(Cl)cc(Cl)c(Cl)c1Cc2c(O)c(Cl)cc(Cl)c2Cl,non-mutagens
NCCS(=O)(=O)O,non-mutagens
OCCN(CCO)C1=C2N([O])ON=C2\C(=[N+](/O)\[O-])\C=C1,mutagens
CNN,mutagens
Oc1c(Br)cc2c(Oc3c(Br)c(O)c(Br)cc3C24OS(=O)(=O)c5ccccc45)c1Br,mutagens
Clc1cc(Cl)nc(Cl)n1,non-mutagens
O[C@@H]1[C@@H](O)c2cccc3c4c(ccc5ccccc45)[C@@]6(O[C@@H]16)c23,mutagens
[NH-]C(=O)c1cc[n+](COC[N@@H+]2C=CC=C/C/2=C\[NH+]=O)cc1,non-mutagens
CC(=O)N\N=C\C1=CN(O)c2ccccc2N1O,mutagens
Br\C=C\Br,mutagens
CNC(=O)N(O)C(=O)NC,non-mutagens
c1ccc2scnc2c1,non-mutagens
COC1=C[C@@H]2[C@H]3Cc4ccc(OC)c(O)c4[C@@]2(CCN3C)CC1=O,non-mutagens
CC(C)(Oc1ccc(cc1)[C@H]2CCCc3ccccc23)C(=O)O,non-mutagens
Cc1c(Br)c(Br)c(Br)c(Br)c1Br,non-mutagens
C[C@@H](Nc1ncnc2[nH]c(cc12)c3ccc(CCl)cc3)c4ccccc4,mutagens
CNc1ccc2ncc(nc2c1C)c3ccccc3,mutagens
ClC(Cl)C(Cl)Cl,non-mutagens
OCCN1CC1,mutagens
CCC(=O)OCc1cccc(c1)[N+](=O)[O-],non-mutagens
CC(C)CN(C(=O)CCCl)c1snc2ccccc12,non-mutagens
N1c2ccccc2Sc3ccccc13,non-mutagens
O1[C@@H]2[C@H]1c3c(c4ccccc24)c5ccccc5c6ccccc36,mutagens
Cc1cccn2c1nc3c(C)c(cnc23)[N+](=O)[O-],mutagens
CC(=O)CC(=O)CCC(=O)O,non-mutagens
OCc1ccc2c3cccc4cccc(c2c1)c34,mutagens
CCNc1ccccc1,non-mutagens
[O-][N+](=O)OCC(CO[N+](=O)[O-])O[N+](=O)[O-],mutagens
NC(=N)N\N=C(/C=C\C1=C[CH-]\C(=[N+](/O)\[O-])\O1)\C=C/C2=[O+]\C(=[N+](/O)\[O-])\C=C2,mutagens
Oc1cc2C(=O)Oc3c(O)c(O)cc4C(=O)Oc(c1O)c2c34,non-mutagens
CCCN(CCC)C(=O)SCC,non-mutagens
CCCCN(C[C@@H](O)C1=CC(=[N+]=[N-])C(=O)C=C1)N=O,mutagens
O=Nn1cc(CC#N)c2ccccc12,mutagens
ClC1=C(Cl)C(Cl)(C(=C1Cl)Cl)C2(Cl)C(=C(Cl)C(=C2Cl)Cl)Cl,mutagens
O=C1CCCO1,non-mutagens
C\C=C/1\C[C@H](C)[C@](O)(CO)C(=O)OCC2=CCN3CC[C@@H](OC1=O)[C@H]23,mutagens
O=C1C=Cc2ccc3C=CC(=O)c4ccc1c2c34,mutagens
Clc1c(Cl)c(Cl)c(C=C)c(Cl)c1Cl,non-mutagens
CN(C)c1ccc(cc1)C(=C2C=CC(=[N+](C)C)C=C2)C3=C4C=CC(=S(=O)(O)O)C=C4C=C(C3=O)S(=O)(=O)O,non-mutagens
CN(C)C(=O)N(C)C=O,mutagens
ClC(=O)c1ccccc1Cl,mutagens
CN(C)c1ccc(cc1)c2ccc(cc2)N(C)C,non-mutagens
Clc1ccc2N3C=NNC3=CN=C(c4ccccc4)c2c1,non-mutagens
C1CCCCC1,non-mutagens
OC(=O)C1=CC(=O)NC(=O)N1,non-mutagens
O=Nc1ccc2ccc3c4CCCCc4cc5ccc1c2c35,mutagens
[O-][N+](=O)c1ccc(cc1)c2nc3SCCn3c2[N+](=O)[O-],mutagens
Oc1ccc2cc(SSc3ccc4cc(O)ccc4c3)ccc2c1,non-mutagens
Oc1ccc(cc1)c2ccccc2,mutagens
CCN=C=S,non-mutagens
CCCCON=O,mutagens
ClCc1ccc2ccc3cc4ccccc4c5ccc1c2c35,non-mutagens
Clc1ccc(CO[C@H](Cn2ccnc2)c3ccc(Cl)cc3Cl)cc1,non-mutagens
CC1=CC(C)(C)Nc2ccccc12,non-mutagens
O\[N+](=C/1\C=C(C=CC1=S=C=[N-])[N+](=O)[O-])\[O-],mutagens
CC(C)OC(=O)\C=C\c1oc(cc1)[N+](=O)[O-],mutagens
COCCOC,mutagens
O=C\C=C\C=C\C=O,mutagens
Oc1ncnc2[nH]ncc12,non-mutagens
NC(=O)CN1C[C@H](O)CC1=O,non-mutagens
NC(=O)c1[nH]cnc1N=[N],mutagens
CC(C)C1=CC(=O)C(=CC1=O)C,non-mutagens
CN1C[N]C2=C1N=C=N(=C2N)O,mutagens
Nc1ccc2c(oc3ccccc23)c1,mutagens
CC(=O)Nc1ccc(cc1)S(=O)(=O)c2ccc(NC(=O)C)cc2,non-mutagens
CCC(=O)Oc1ccc(cc1)\C(=C(/CC)\c2ccc(OC(=O)CC)cc2)\CC,non-mutagens
Nc1ccc2nc3ccccn3c2n1,mutagens
Cc1cc2nc3cc(C)c(N)cc3[n+](c4ccccc4)c2cc1N,mutagens
C[N+](C)(C)CCCNC(=O)C=C,non-mutagens
CCN(CC)CCNc1ccc(CO)c2Sc3ccccc3C(=O)c12,mutagens
Nc1c(F)cc(cc1F)c2cc(F)c(N)c(F)c2,mutagens
CSC(C)(C)\C=N/O,non-mutagens
CC1=CC(=C(c2ccc(N)cc2)c3ccc(N)cc3)C=CC1=N,mutagens
O=Nc1ccccc1c2ccccc2,mutagens
O=C1NC2(CCCCC2)C(=O)N1CCN3CC3,mutagens
C[C@@H](N)CN,non-mutagens
CCO[P@@](=S)(CC)Sc1ccccc1,non-mutagens
NC[C@@H]1CC[C@H](CC1)C(=O)c2ccc(CCC(=O)O)cc2,non-mutagens
OC(=O)COc1ccc(C(=O)c2cccs2)c(Cl)c1Cl,non-mutagens
C(C(C1CCCCC1)C2CCCCC2)[C@H]3CCCCN3,non-mutagens
COc1cc(N)c(cc1N)[N+](=O)[O-],mutagens
COC1=CC(=O)C(=O)C(=C1)C(C)(C)C,non-mutagens
N\C(=N/O)\c1oc(cc1)[N+](=O)[O-],mutagens
ClNc1nc(NCl)nc(NCl)n1,non-mutagens
C1OCc2ccccc12,mutagens
CN(C)N,mutagens
CC(C)CC[C@@H](C)Nc1ccc(N[C@H](C)CCC(C)C)cc1,non-mutagens
Nc1nccc2[nH]c3ccccc3c12,mutagens
OCN1[C@H](O)[C@@H](O)N(CO)C1=O,mutagens
COC(=O)CCCC(=O)OC,non-mutagens
Cn1ccnc1N=O,mutagens
Oc1cccc(c1[N+](=O)[O-])[N+](=O)[O-],mutagens
CC1(C)[C@@H]2CC[C@@H](C2)C1=C,non-mutagens
CCN(CC)Cc1cc(Nc2ccnc3cc(Cl)ccc23)ccc1O,non-mutagens
Cc1nc2c(C)c(C)c3c(nc(N)n3C)c2nc1C,mutagens
CCCCCCCCCC\C=C\[C@H]1CC(=O)OC1=O,non-mutagens
O=C(Nc1ccccc1)C2C(=O)NC(=S)NC2=O,non-mutagens
OC(=O)\C=C\Cl,mutagens
CC[C@H]1CN2CCc3cc(OC)c(OC)cc3[C@H]2C[C@H]1C[C@H]4NCCc5cc(OC)c(OC)cc45,non-mutagens
CN(C)\C=N\c1ccc(Cl)cc1C,non-mutagens
COc1cc(cc(OC)c1OC)C(=O)OCCCN2CCCN(CCCOC(=O)c3cc(OC)c(OC)c(OC)c3)CC2,non-mutagens
Nc1ncnc2c1ncn2C(c3ccccc3)c4ccccc4,mutagens
CC(=CCOc1c2OC(=O)C=Cc2cc3ccoc13)C,mutagens
c1cc2cnncc2cn1,non-mutagens
O[C@@H]1CO[C@@H]2[C@@H](CO[C@H]12)O[N+](=O)[O-],non-mutagens
Fc1cccc(F)c1C(=O)NC(=O)Nc2cc(Cl)c(Oc3ncc(cc3Cl)C(F)(F)F)c(Cl)c2,non-mutagens
N\C(=C(\N)/C#N)\C#N,non-mutagens
Cc1ccc(cc1C)[C@](OC(=O)NC2CCCCC2)(C#C)c3ccccc3,mutagens
ON1CN(Cl)CN(Cl)C1,non-mutagens
Nc1ccccc1C(=O)OCC=C,non-mutagens
Cc1nc(N)nc(N)n1,non-mutagens
Nc1ccc(NOS(=O)(=O)O)cc1Cl,mutagens
CCc1ccc(cc1)C(C(Cl)Cl)c2ccc(CC)cc2,mutagens
CCc1cccc2cc(oc12)[C@H](O)CNC(C)(C)C,non-mutagens
[O-][N+](=O)c1ccc2CCNc2c1,mutagens
Fc1ccc(F)c2c1ccc3ncccc23,mutagens
Nc1c2ccccc2nc3ccc(Cl)cc13,mutagens
Fc1c(F)c(F)c(Cl)c(F)c1F,non-mutagens
CC1=CC(=O)Oc2cc(N)ccc12,non-mutagens
ClCCOC\C(=C/Cl)\Cl,mutagens
C1C=Cc2c1ccc3c2ccc4ccccc34,mutagens
Clc1cc2Oc3cc(Cl)c(Cl)cc3Oc2cc1Cl,non-mutagens
CCCC\C=C\C=C\C=C\C=C\C=C\OC,mutagens
O\[N+](=C/1\[CH-]\C(=[N+](\O)/[O-])\C(=[F+])C=C1)\[O-],mutagens
Cc1cc(O)c2C(=O)c3c(O)ccc(O)c3C(=O)c2c1O,mutagens
CC(C)[C@@H]1CC[C@@H](C)CC1,non-mutagens
C1C=C[C@@H]2[C@@H]3C[C@@H](C=C3)[C@H]12,non-mutagens
COc1c2ccoc2[n+]([O-])c3ccccc13,non-mutagens
BrCCCCCBr,mutagens
Oc1ccnc(O)n1,non-mutagens
COc1ccc2c(OC)c3CCOc3nc2c1OC,mutagens
C=CCN1C(=O)N(CC=C)C(=O)N(CC=C)C1=O,non-mutagens
Fc1ccc(cc1)C(=O)[C@H]2O[C@@H]2c3ccccc3,mutagens
[O-][N+](=O)c1nccn1CC(=O)NCc2ccccc2,mutagens
c1ccc(nc1)c2ccncc2,mutagens
C1=Cc2c3ccc4cccc5ccc(c6cccc1c26)c3c45,mutagens
CN(C)c1ccc(cc1)C2(OC(=O)c3cc(ccc23)N(C)C)c4ccc(cc4)N(C)C,non-mutagens
Clc1ccc(cc1)C(c2ccc(Cl)cc2)C(Cl)(Cl)Cl,non-mutagens
C1N(\N=C\c2ccc(Oc3ccccc3)cc2)N=Nc4c1[nH]c5ccccc45,non-mutagens
C(N1CCN=N1)c2ccccc2,mutagens
CN(C)Nc1nc(cs1)c2oc(cc2)[N+](=O)[O-],mutagens
CC(C)(C)CC(C)(C)c1ccc(OCCOCC[N+](C)(C)Cc2ccccc2)cc1,non-mutagens
CCCCOCN(C(=O)CCl)c1c(CC)cccc1CC,mutagens
CC1=NC(=C[C@H]2[C@@H]1Nc3ccccc23)N,mutagens
CC1c2cc(F)ccc2c3ccc(F)cc13,mutagens
CC1=CCC(=O)O1,non-mutagens
CSCCC=O,non-mutagens
BrCC#N,non-mutagens
Cc1ccsc1,non-mutagens
C1CN2CCN1CC2,non-mutagens
c1ccccc1,non-mutagens
Oc1cc(Cl)c(O)cc1Cl,non-mutagens
CC[N+]([O-])(CC)CCn1nc2c3ccc(Cl)cc3Sc4c(CO)ccc1c24,mutagens
O[N+](=C(Cl)Cl)[O-],mutagens
CC(C)(C)OO,mutagens
CC(=C)c1cc(O)c(C)cc1O,non-mutagens
ClCC(CCl)(CCl)CCl,non-mutagens
C[C@@H]1[C@H](O)CCC2=CC(=O)[C@@]3(O[C@@H]3[C@]12C)[C@H]4O[C@H]4CO,mutagens
C=CC#N,mutagens
NC=O,non-mutagens
S=C1SC=C(S1)c2ccccc2,non-mutagens
S=C1NCCN1,mutagens
Cc1ncc(CO)c(CO)c1O,non-mutagens
C(CC[C@H]1CO1)C[C@H]2CO2,mutagens
Cc1cc(O)nc(S)n1,non-mutagens
SCCc1cnccn1,non-mutagens
Brc1cc(Br)c(c(Br)c1)c2c(Br)cc(Br)cc2Br,non-mutagens
C[C@H]1CN(CCN1N=O)N=O,mutagens
ICI,non-mutagens
Cc1cc2c(C)c3ccccc3c(C)c2cc1C,mutagens
CN(C)CCNC(=O)c1cccc2nc3ccccc3nc12,mutagens
CCN(C=O)N=O,mutagens
O[N+](=C=Cc1ccccc1)[O-],mutagens
ClCC1=CC(=O)OC1,mutagens
COc1cc(C)cc2c(O)c(cc(O)c12)c3c(C)cc4c(O)ccc(O)c4c3OC,non-mutagens
CN(C1CCN(CC1)c2nc3ccccc3n2Cc4ccc(F)cc4)c5nccc(O)n5,non-mutagens
Cc1noc(NS(=O)(=O)c2ccc(N)cc2)c1C,non-mutagens
CN(C)[C@@H]1[C@@H]2[C@H](O)[C@H]3C(=C(O)[C@]2(O)C(=C(C(=O)N)C1=O)O)C(=O)c4c(O)cccc4[C@@]3(C)O,non-mutagens
C[C@@H]1CNC(=O)N1c2ncc(s2)[N+](=O)[O-],mutagens
OC(=O)C(F)(F)C(F)(F)C(F)(F)C(F)(F)C(F)(F)C(F)(F)C(F)(F)C(F)(F)C(F)(F)F,non-mutagens
[O-][N+](=O)c1ccc2N(S\C(=N/C(=O)c3ccc(Cl)c(Cl)c3)\c2c1)C(=O)c4ccc(Cl)c(Cl)c4,mutagens
O=[NH+]\C=C\1/C=CC=CN1CCOCC#C,non-mutagens
CC(C)Cc1nccs1,mutagens
CCC[C@@](C)(COC(=O)N)COC(=O)NC(C)C,non-mutagens
Cc1ccccc1c2ccc(N)c(C)c2,mutagens
CCN(CC)CCCN(C1Cc2ccccc2C1)c3ccccc3,non-mutagens
CCCSSCC=C,non-mutagens
O=C1CCCCCN1,non-mutagens
COC1=CC(=O)c2c(nc(C)c3c4cnccc4[nH]c23)C1=O,mutagens
CC(C)COP(=S)(OCC(C)C)SCCl,non-mutagens
CCN(CCCl)CCCNc1c2ccccc2nc3c1ccc4cccnc34,mutagens
CN1CC(=C[C@@H]2[C@H]1Cc3c[nH]c4cccc2c34)C,mutagens
CCOC(=O)C[C@H](S[P@](=O)(OC)SC)C(=O)OCC,non-mutagens
C1CN=C(N\N=C\c2c3ccccc3c(\C=N\NC4=NCCN4)c5ccccc25)N1,mutagens
CCN(CC)CCO,non-mutagens
OC(=O)C[C@H]([C@H](CC(=O)O)C(=O)O)C(=O)O,mutagens
OC(COc1cccc2OC(=CC(=O)c12)C(=O)O)COc3cccc4OC(=CC(=O)c34)C(=O)O,non-mutagens
BrC[C@@H](Br)[C@@H]1CC[C@@H](Br)[C@@H](Br)C1,non-mutagens
ClP(=O)(N1CCOC1=O)N2CCOC2=O,mutagens
C[C@H]1CCC[C@@H](O)CCCCCc2cc(O)cc(O)c2C(=O)O1,non-mutagens
CC(=O)c1oc(c(Cl)c1Cl)[N+](=O)[O-],mutagens
CC1=CC=C2C(=O)c3c(cccc3[N+](=O)[O-])C(=C2/C/1=[N+](\O)/[O-])[O-],mutagens
Oc1ncc(N(CCCl)CCCl)c(O)n1,mutagens
C[C@H](I)[C@@H]1OC[C@@H](CO)O1,mutagens
OCCn1c(CO)ncc1[N+](=O)[O-],mutagens
NCCNCCN,non-mutagens
CNP(=O)(N(C)C)N(C)C,mutagens
Clc1ccc(cc1)c2nc3sccn3c2N=O,mutagens
C[C@H]1C[C@H]2OC(=O)C(=C)[C@H]2C[C@]3(C)[C@H](O)O[C@H](O)C[C@H]13,mutagens
Clc1cnc(Oc2ccc(Oc3ncc(Cl)cc3Cl)cc2)c(Cl)c1,non-mutagens
CCCCCCc1ccc(cc1)c2ccc(cc2)C#N,non-mutagens
CN(Cc1ccc(Br)cc1)N=O,mutagens
CC(C)(c1cc(Br)c(O)c(Br)c1)c2cc(Br)c(O)c(Br)c2,non-mutagens
N[C@@H](CCC(=O)NNc1ccccc1)C(=O)O,mutagens
CC(C)OC(=O)COc1ccc(Cl)cc1Cl,non-mutagens
CC(C)c1c(N)ccc2c1Cc3ccccc23,mutagens
N=C1CC(=O)C(=O)c2ccccc12,mutagens
CN1N(C(=O)C=C1C)c2ccccc2,non-mutagens
NON(N=O)c1ccccc1,mutagens
Nc1ccc(O)c(N)c1,mutagens
ClCN1C(=O)c2ccccc2C1=O,mutagens
C1CCC(CC1)NSc2nc3ccccc3s2,non-mutagens
O=C1Oc2ccccc2C=C1,mutagens
CC(C)CCO,non-mutagens
OC1(O)C(=O)NC(=O)NC1=O,non-mutagens
Cc1cc(Cl)cc2S\C(=C\3/Sc4cc(Cl)cc(C)c4C3=O)\C(=O)c12,non-mutagens
ON=C,non-mutagens
Sc1nc2ccccc2[nH]1,non-mutagens
C[C@@]12CC[C@H](C[C@@H]1O2)C=C,non-mutagens
OCCc1ccc(Nc2ccc(O)c3C(=O)c4c(O)ccc(c4C(=O)c23)[N+](=O)[O-])cc1,mutagens
Oc1c2C(=N)CCC(=N)c2c(O)c3ccccc13,mutagens
Oc1ccc(cc1)C2(CCCCC2)c3ccc(O)cc3,non-mutagens
ClCCNCCCl,mutagens
Cc1ccc2c(Cc3cc(C)ccc23)c1,non-mutagens
c1cnccn1,non-mutagens
CN(N=O)c1ccncc1,non-mutagens
C[C@H]1OC=C2C(=O)C(=C(O)C(=C2[C@@H]1C)C)C(=O)O,non-mutagens
OC(=O)CCCc1c[nH]c2ccccc12,non-mutagens
[O-][N+](=O)C1=Cc2cccc3cccc(O1)c23,mutagens
CC(C)(C)N,non-mutagens
[O-][N+](=O)c1ccc2c(c1)cc(c3ccc(cc23)[N+](=O)[O-])[N+](=O)[O-],mutagens
Nc1cccc2cccc(N)c12,mutagens
Cc1nnc2CN=C(c3ccccc3Cl)c4cc(Cl)ccc4n12,non-mutagens
Oc1ccc2c(O)cccc2c1,mutagens
Nc1cc(c2cccc(c2c1)S(=O)(=O)O)S(=O)(=O)O,non-mutagens
O=C1C(C(=O)c2ccccc12)c3ccc4ccccc4n3,mutagens
COCC(COC(=O)c1ccccc1)(COC(=O)c2ccccc2)COC(=O)c3ccccc3,non-mutagens
COc1ccc(Cc2cnc(N)nc2N)cc1OC,mutagens
CCCCN(N=O)[C@@H](CCC)OC(=O)C,mutagens
CC(C)(C)c1cc(Cc2cc(c(O)c(c2)C(C)(C)C)C(C)(C)C)cc(c1O)C(C)(C)C,non-mutagens
CNCCCN1c2ccccc2CCc3ccccc13,non-mutagens
OCP(CO)(CO)CO,non-mutagens
Cc1ccc(NCCCl)cc1,mutagens
CC(=O)c1occc1,mutagens
CN(C)c1ccc2nc(C)c(C)nc2c1C,mutagens
[O-][N+](=O)c1oc2ccc(cc2c1)N(CCCl)CCCl,mutagens
CN(C)c1ccc2c(ccc(\C=C\c3cc(C)n(c3C)c4ccccc4)[n+]2C)c1,mutagens
CC[C@@H](C)COC(=O)\C=C\c1ccc(cc1)\N=C\c2ccc(OC)cc2,mutagens
ClCCOP(=O)(OCCCl)OCCCl,non-mutagens
CC(=C)c1ccc(C)c2ccc(CO)c2c1,mutagens
CCN1CCOCC1,mutagens
CC(=O)OCNC(=O)c1ccc(Cl)cc1,non-mutagens
Cc1ccc(c(C)c1)S(=O)(=O)O,non-mutagens
[N-]=[N+]=C1C=CC(=O)C=C1,mutagens
COc1cc(O)c2c(O)c3c(O)cc(C)cc3cc2c1,mutagens
CN(C)[P+](On1nnc2ccccc12)(N(C)C)N(C)C,non-mutagens
ClCCSCCCl,mutagens
CC\C=C\C\C=C\C\C=C\CCCCCCCC(=O)O,non-mutagens
OC(=O)c1ccc(O)cc1O,non-mutagens
CC(=C)C(=O)OCC(C)(C)COC(=O)C(=C)C,non-mutagens
C[C@@H](O)C[N+](C)(C)NC(=O)C(=C)C,non-mutagens
Nc1ccc2C3=Nc4ccccc4C(=O)N3Cc2c1,mutagens
CCN1C2=CC(=N)C=CC2=C3C=CC(=CC3=C1c4ccccc4)[NH3+],mutagens
Cc1cccc(OC[C@@H](O)CNC(C)(C)C)c1C,non-mutagens
CCCCC=[N+]([O-])[O-],non-mutagens
[O-][N+](=O)c1ccc(Oc2ccc(cc2)N=C=S)cc1,mutagens
CN(C)C(=S)SNCCNSC(=S)N(C)C,mutagens
Nc1n[nH]c(N)n1,non-mutagens
Oc1c(Cl)cc(Cl)c2cccnc12,non-mutagens
ClCC(=C)Br,mutagens
Cc1ccc(N)c(N)c1,mutagens
CC(C)N(C(C)C)C(=O)SCC(=C(Cl)Cl)Cl,mutagens
CC1(C)CC(O)CC(C)(C)N1O,mutagens
CC(=O)NCCc1ccc(O)c(c1)c2c(O)c(O)c3C(=O)c4cc(O)c(C(=O)O)c(C(=O)O)c4C(=O)c3c2O,non-mutagens
O=C=NC1CCCCC1,non-mutagens
OCc1oc(C=O)cc1,mutagens
Brc1ccc(Oc2cc(Br)c(Br)cc2Br)c(Br)c1,non-mutagens
NCCN1CCNCC1,non-mutagens
CCCCCCCOc1ccccc1NC(=O)OCCN2CCCCC2,non-mutagens
Oc1c([nH]c2ccc(cc12)S(=O)(=O)O)C3=Nc4ccc(cc4C3=O)S(=O)(=O)O,non-mutagens
CC(C)CN(CC(C)C)CC(C)C,non-mutagens
CCNc1nc(N)nc(Cl)n1,non-mutagens
C=CC(=O)N1CCN(CC1)c2ccccc2,non-mutagens
[O-][N+](=O)c1ccc2c[nH]nc2c1,mutagens
ClCCOP(OCCCl)OCCCl,mutagens
Cn1c(NS(=O)(=O)O)nc2c3nc(CO)cnc3ccc12,non-mutagens
[O-][N+](=O)c1cc2CCc3cc4CCCCc4c5CCc(c1)c2c35,mutagens
CCC#C[C@@H](C)[C@]1(CC=C)C(=O)NC(=O)N(C)C1=O,non-mutagens
[O-][N+](=O)c1cccc2c(Cl)nsc12,mutagens
COc1ccc2cccc3C(=O)N(C)C(=O)c1c23,non-mutagens
c1cc2ccc3cccc4ncc(c1)c2c34,mutagens
BrC\C=C/CBr,mutagens
o1c(nc2ccccc12)c3ccccc3,non-mutagens
C1Cc2ccc3ccc4ccccc4c3c2C1,mutagens
CC(=O)O[C@@H]1[C@@]2(C)C[C@@]2(C=O)C(=C3CC(C)(C)C[C@@]13O)C=O,mutagens
CN1c2ccccc2C(=O)c3c(O)cc4O[C@H](Cc4c13)C(=C)C,mutagens
CCOC(=O)COc1ccc2C(=O)C=C(Oc2c1)c3ccccc3,non-mutagens
OC[C@H]1O[C@@H](Oc2ccc(O)c3C(=O)c4ccccc4C(=O)c23)[C@H](O)[C@@H](O)[C@@H]1O,mutagens
Nc1nc(nc2c1ncn2c3ccc(cc3)[N+](=O)[O-])c4ccc(cc4)[N+](=O)[O-],mutagens
CC(=O)c1cc(cc2c1CCC2(C)C)C(C)(C)C,non-mutagens
Cc1cc(C)c2cc(C)c(N)cc2n1,mutagens
O[C@H]1C=Cc2c(ccc3c4CCC(=O)c4cc(c23)C(F)(F)F)[C@@H]1O,mutagens
C[C@@]12CC[C@H]3[C@@H](CCC4=C3CCC(=O)C4)[C@H]1CC[C@]2(O)C#C,non-mutagens
COC(=O)\C(=C\C)\C=C(\C)/C=C(/C)\C=C\C=C(\C)/C(=O)[C@]12O[C@H]1[C@@](O)(CCO)NC2=O,mutagens
COc1ccc2c(ccc3c4CC=C(C)c4ccc23)c1,mutagens
C[C@@H]1C[C@H]2OC(=O)[C@@]3(C)[C@H]2[C@@H](O[C@@]3(C)O)[C@@]4(C)[C@H]1C=CC4=O,non-mutagens
ONC(=O)c1ccc2ccccc2c1,mutagens
C[C@@]12CC[C@@H](CC1)C(C)(C)O2,non-mutagens
Cc1cc(O)c2C(=O)C=C(C(=O)c2c1)c3c(C)cc4C(=O)C=CC(=O)c4c3O,non-mutagens
Nc1nc(N)c2nc(c(N)nc2n1)c3ccccc3,non-mutagens
C1CN=C(N1)c2ccc(cc2)c3cc4ccc(cc4[nH]3)C5=NCCN5,non-mutagens
CC1=CC2=C(C=O)C(=O)[C@@](C)(O)[C@H](O)C2=CO1,mutagens
CN1CCCC1=O,non-mutagens
CN(C)CCN(C)C,non-mutagens
CC1=C(O)C(=O)CC1,non-mutagens
CCC(=O)C1c2cccc(O)c2C(=O)c3c(O)cccc13,mutagens
O=NN1CCC(CC1)c2ccccc2,mutagens
CN(C)c1nc(nc(n1)N(C)C)N(C)C,non-mutagens
CC\N=C(\N)/N(N=O)[N+](=O)[O-],mutagens
Cc1cc(O)c(cc1Sc2cc(c(O)cc2C)C(C)(C)C)C(C)(C)C,non-mutagens
ClC(Cl)(Cl)C=O,mutagens
O=C1CCCC=C1,non-mutagens
CCC\C=C\C=O,mutagens
Clc1c(Cl)c(Cl)c2c(Cl)c(Cl)c(Cl)c(Cl)c2c1Cl,non-mutagens
OC(=O)CCCC[C@@H]1CCSS1,non-mutagens
COc1c2ccoc2nc3c(O)c4OCOc4c(CC=C(C)C)c13,non-mutagens
CCOC1=CC(N(O)c2ccccc12)(c3ccccc3)c4ccccc4,non-mutagens
ClC(Cl)(Cl)Br,mutagens
FC(F)(F)I,mutagens
CCOP(=S)(OCC)Oc1cnc2ccccc2n1,non-mutagens
OC(=O)c1c[n+]([O-])c2ccccc2[n+]1[O-],mutagens
CN(N=O)C(=O)Oc1ccc(C)c(C)c1C,mutagens
OC[C@H]1CC[C@H](O1)n2cnc3c(O)ncnc23,mutagens
CO[C@@]12[C@H]3N[C@H]3CN1C4=C([C@@H]2COC(=O)N)C(=O)C(=N)C(=C4O)C,mutagens
CNc1ccc2ccc3ccc(O)cc3c2c1,mutagens
C1C[C@@H]2O[C@@H]2C[C@@H]1[C@H]3CO3,mutagens
OC(=O)c1ccccc1Nc2cc(Cl)ccc2C(=O)O,non-mutagens
[O-][N+](=O)c1cc(Cl)c(Cl)cc1Cl,mutagens
CN(C)Cc1ccccc1,non-mutagens
C[C@H](CCl)OP(=O)(O[C@H](C)CCl)O[C@H](C)CCl,non-mutagens
OC(C1CC1)(c2ccc(Cl)cc2)c3ccc(Cl)cc3,non-mutagens
Oc1cccc2c1ccc3[nH]c4ccc5ccccc5c4c23,mutagens
C1CCC2(CC1)CO2,non-mutagens
[O-][N+](=O)c1ccc2c(c1)nc(\C=N\OCc3ccccc3[N+](=O)[O-])n2Cc4ccccc4,mutagens
CC(=O)Oc1ccc(cc1)C(c2ccc(OC(=O)C)cc2)c3ccccn3,non-mutagens
CN(N=O)C(=O)c1c(ncn1C)N(C)N=O,mutagens
O1c2ccccc2Oc3ccccc13,non-mutagens
CCCC(=O)Cl,mutagens
Brc1ccc(\C=C\C(=O)c2ccccc2)cc1,non-mutagens
OC[C@H]1O[C@H]2[C@@H](OC3=NC(=N)C=CN23)[C@@H]1O,non-mutagens
CCN(CC)[C]1C=CC(=C(c2ccc(cc2)N(CC)CC)c3cc(ccc3S(=O)(=O)O)S(=O)(=O)O)C=C1,mutagens
CN(C)CCOC(c1ccccc1)c2ccccc2,non-mutagens
Nc1ccc2N=C3C(=CC(=N)c4ccccc34)Oc2c1,mutagens
O=C(OC[C@H]1CO1)[C@H]2CCCC[C@@H]2C(=O)OC[C@H]3CO3,mutagens
CCCCCCCCCCSCn1cc[n+](C)c1,mutagens
C([C@H]1CO1)c2ccc(Cc3ccccc3)cc2,mutagens
CNC(=S)N(C)C,non-mutagens
C\C(=C/C=O)\Cl,mutagens
CC\C=C/C#N,non-mutagens
CCCCCCCCCCCCCCCCCC1=NCCN1CCO,non-mutagens
OC(O)C(Cl)(Cl)Cl,mutagens
CC[n+]1c2ccccc2nc3ccccc13,mutagens
COc1ccc(C=C)cc1,non-mutagens
CC1=C(SSC1=S)c2cnccn2,non-mutagens
c1ccc2sncc2c1,non-mutagens
NCCCCCCN,non-mutagens
CCCOC(C(=O)OC1CCN(C)CC1)(c2ccccc2)c3ccccc3,non-mutagens
ClCCN(N=O)C(=O)NC1CCCCC1,mutagens
CC(C)(C)C(=O)C1C(=O)c2ccccc2C1=O,non-mutagens
CC(C)c1ccc2Oc3nc(N)c(cc3C(=O)c2c1)C(=O)O,non-mutagens
CNC1=C2CC(=O)C(=CC=C2c3c(CC1)cc(OC)c(OC)c3OC)OC,non-mutagens
[O-][N+](=O)c1ccc2ccc3cccc4[C@H]5O[C@H]5c1c2c34,mutagens
Cc1cc(C)c2nc3c(ccc4ccccc34)c(C)c2c1,mutagens
Cc1c2ccccc2c(C)c3c4C=CC(=O)C(=O)c4ccc13,non-mutagens
Oc1cc2ccc(cc2cc1S(=O)(=O)O)S(=O)(=O)O,non-mutagens
Cc1c(NO)cc(cc1[N+](=O)[O-])[N+](=O)[O-],mutagens
CCC(Br)(CC)C(=O)NC(=O)N,non-mutagens
COC(=O)c1cc(ccc1N)c2ccc(N)c(c2)C(=O)OC,mutagens
Cn1c(NO)nc2ncc(cc12)c3ccccc3,mutagens
[O-][N+](=O)c1ccc(s1)c2nc(N3CCOCC3)c4ccccc4n2,mutagens
CNC1Cc2cccc3cccc(C1)c23,mutagens
Nc1cccc2c(O)nnc(O)c12,non-mutagens
Nc1ccc(\C=C\c2cccc(N)c2)cc1,mutagens
CCSCCSP(=O)(OC)OC,non-mutagens
OC[C@@H](O)[C@@H](O[C@H]1O[C@H](CO)[C@@H](O)[C@H](O)[C@H]1O)[C@H](O)[C@@H](O)CO,non-mutagens
CCOC(=O)[C@H](CCc1ccccc1)N[C@@H](C)C(=O)N(CC(=O)O)C2Cc3ccccc3C2,non-mutagens
[O-][N+](=O)c1ccc2c3ccccc3c4ccc(c1c24)[N+](=O)[O-],mutagens
CCc1cc(Cc2cc(C)c(N)c(CC)c2)cc(C)c1N,non-mutagens
ClC\C=C/Cl,mutagens
CNp1(NC)np(NC)(NC)np(NC)(NC)n1,non-mutagens
CCOC(=O)c1[nH]c2ccccc2c1\N=C\c3cc(OC)c(OC)c(OC)c3,mutagens
CN[C@H]1C[C@@H](O[C@H]2C[C@@](O)(Cc3c(O)c4C(=O)c5cccc(OC)c5C(=O)c4c(O)c23)C(=O)C)O[C@@H](C)[C@@H]1O,mutagens
CN1[C@@H]2C[C@@H](C[C@H]1[C@H]3O[C@@H]23)OC(=O)[C@@H](CO)c4ccccc4,non-mutagens
C[C@H]1CS(=O)(=O)CCN1\N=C\c2oc(cc2)[N+](=O)[O-],mutagens
CC(=O)[C@H]1CC[C@@H]2[C@@H]3CCC4=CC(=O)CC[C@@]4(C)[C@H]3CC[C@@]12C,non-mutagens
CCc1ccnc2ccccc12,non-mutagens
NC(=S(=O)=O)N,mutagens
CCOC(=O)CC(=O)CCl,non-mutagens
COc1cccc(NC(=O)c2csc(c2)[N+](=O)[O-])c1,mutagens
[O-][N+](=C1CCCC1)[O-],mutagens
Cc1cccc(C)c1Nc2cc(Cl)nc(SCC(=O)NCCO)n2,non-mutagens
CCN(CC)C(=S)SSC(=S)N(CC)CC,non-mutagens
CCCC(=O)OC1CCCCC1,non-mutagens
CC(C)(C)OOC(C)(C)CCC(C)(C)OOC(C)(C)C,non-mutagens
CC(C)CC(=O)O[C@@H]1OC=C(COC(=O)C)C2=C[C@H](OC(=O)CC(C)C)[C@@]3(CO3)[C@@H]12,mutagens
BrCc1ccc2c3ccccc3c4cccc1c24,mutagens
CCCC(=O)c1cc(O)c(O)cc1O,mutagens
COP(=S)(OC)SCC(=O)NCC=O,non-mutagens
SC(=N\C=C\N=C(S)S)S,non-mutagens
CCc1cc(ccn1)C(=S)N,non-mutagens
[O-][N+](=O)c1cnc(NC(=O)NCCCl)s1,mutagens
Clc1ccc(CSc2ccc(Cl)cc2)cc1,non-mutagens
[O-][N+](=C)[O-],non-mutagens
CCN1CCNC(=O)C1=O,non-mutagens
Cc1ccc(cc1N=O)[N+](=O)[O-],mutagens
CC(C)(C)c1ccc(O)c(O)c1,non-mutagens
Cc1cc(C)cc(N)c1,mutagens
c1cc[nH]c1,non-mutagens
OC(=O)C1=CN(C2CC2)c3cc(N4CCNCC4)c(F)cc3C1=O,mutagens
CC(=O)c1ccc(NO)cc1,mutagens
O=C1NCNC(=O)N1,mutagens
ClC1(Cl)[C@@]2(Cl)[C@]3(Cl)[C@@]4(Cl)C(Cl)(Cl)[C@]5(Cl)[C@@](Cl)([C@@]1(Cl)[C@]35Cl)[C@@]24Cl,non-mutagens
N#CCCNCCC#N,non-mutagens
CCOC(=O)C[n+]1csc2ccccc12,non-mutagens
BrCCC(=O)N1CCN(CC1)C(=O)CCBr,mutagens
O=C1NS(=O)(=O)c2ccccc12,non-mutagens
Clc1c(Cl)c(C#N)c(Cl)c(C#N)c1Cl,non-mutagens
NC1=N[C@@H](CS1)C(=O)O,non-mutagens
CNC(=O)c1cccc(NCC(=O)NCCc2ccc(OC)c(OC)c2)c1,non-mutagens
NS(=O)(=O)c1cc(C(=O)O)c(NCc2occc2)cc1Cl,non-mutagens
Oc1c2ccccc2nc3ccc4OCCOc4c13,mutagens
CCCCC(S)(CCC)CCCC,non-mutagens
CO[C@@H](C)[C@@](O)(C(=O)OCC1=CCN2CC[C@H](OC(=O)\C(=C/C)\C)[C@@H]12)C(C)(C)O,mutagens
Cc1nc(O)c(cc1c2ccncc2)C#N,non-mutagens
OCC1=CC(=O)C(=CO1)O,mutagens
Cl[C@@H]1[C@H](Cl)[C@@H](Cl)[C@@H](Cl)[C@@H](Cl)[C@@H]1Cl,non-mutagens
N1[C@@H]([C@H]1c2ccccc2)c3ccccc3,mutagens
OC(CN=[N+]=[N-])CN=[N+]=[N-],mutagens
C\C\1=C\CCC(=C)[C@@H]2CC(C)(C)[C@@H]2CC1,non-mutagens
CN\C(=C\[N+](=O)[O-])\NCCSCc1oc(CN(C)C)cc1,non-mutagens
O=C1C=C(Nc2ccccc2)C(=O)c3ccccc13,mutagens
Cc1cnc2c(n1)c(C)cc3c2nc(N)n3C,mutagens
COc1ccc2nccc([C@@H](O)[C@@H]3C[C@@H]4CCN3C[C@@H]4C=C)c2c1,non-mutagens
Cn1cnc2c(N)[n+]([O-])cnc12,mutagens
OC(=O)Cc1ccccc1[N+](=O)[O-],mutagens
CC(=O)OCN(CCCCCl)N=O,mutagens
CCCCCC(=O)Cc1cc(O)cc2Oc3c(CCCCC)c(C(=O)O)c(O)cc3OC(=O)c12,non-mutagens
Nc1ccc(cc1)c2cc(Cl)c(N)c(Cl)c2,mutagens
CCOC(=O)CNC(=O)[CH]N=N,mutagens
CC(=O)N1CNC(=O)N(C(=O)C)C1=O,non-mutagens
CN(C)S(=O)(=O)N(SC(F)(Cl)Cl)c1ccccc1,non-mutagens
C[C@@H]1COc2c(N3CCN(C)CC3)c(F)c(C(=O)O)c4C(=O)C=CN1c24,mutagens
FC(F)(F)C(=O)C(F)(F)F,non-mutagens
Cc1cccc(C)c1N,mutagens
COc1ccc2c(c1)C(=O)c3nccc4cc(OC)c(OC)c2c34,mutagens
CC(C)(C)c1ccc(cc1)c2ccc(cc2)N=O,mutagens
CC1=NNC(=O)NC1=O,non-mutagens
C=Cc1ccccc1C=C,non-mutagens
C\C=C\1/C[C@H]2C[C@@H]1C=C2,non-mutagens
COc1cc(ccc1N=C=O)c2ccc(N=C=O)c(OC)c2,mutagens
CC\C(=N/O)\C,mutagens
CSc1cc(SC)c(N)c(C)c1N,mutagens
O[C@@H]1C[C@](O)(C[C@H](O)[C@H]1O)C(=O)O,non-mutagens
OC[P+](CO)(CO)CO,non-mutagens
NS(=O)(=O)c1cc2c(NC=NS2(=O)=O)cc1Cl,non-mutagens
CC1(C)C=C(C(=O)O)C(C)(C)N1O,non-mutagens
Oc1c(Br)c(Br)c(Br)c(Br)c1Br,non-mutagens
CC(C)n1c(\C=C\[C@H](O)C[C@@H](O)CC(=O)O)c(c2ccc(F)cc2)c3ccccc13,non-mutagens
CC(=O)N=C1C=CC(=O)C=C1,non-mutagens
Cc1cc(N)c(C)c2c3cc(O)ccc3[nH]c12,mutagens
OC[C@H](O)[C@H]1OC(=C(O)C1=O)O,non-mutagens
[O-][N+](=O)c1cc[n+]([O-])cc1,mutagens
Cn1c(ncc1[N+](=O)[O-])c2nnc(N)s2,mutagens
[O-][N+](=O)c1c(Cl)c(Cl)c2Oc3c(Cl)c(Cl)ccc3Oc2c1Cl,mutagens
O\[N+](=C/1\[CH-]C(=CC(=C1)C(=O)Cl)[N+](=O)[O-])\[O-],mutagens
O=C1NC2=C(CCC2)C(=O)N1C3CCCCC3,non-mutagens
COc1nc2cccc(CBr)c2nc1OC,mutagens
CC(C)(C)OOC(C)(C)c1cccc(c1)C(C)(C)OOC(C)(C)C,non-mutagens
Cc1c2ccccc2cc3c4[C@H](O)[C@H](O)C=Cc4ccc13,mutagens
[O-][N+](=O)c1ccc2C=Cc3cccc1c23,mutagens
Clc1cc(Cl)c(Cl)c(Cl)c1,non-mutagens
Nc1nc(cs1)c2cc(cs2)[N+](=O)[O-],mutagens
O=C1NCCN1c2nccs2,mutagens
[O-][N+](=O)c1ccc2OC(=O)c3ccccc3c2c1,mutagens
CCOP(=O)(CC)OCC,non-mutagens
c1cscn1,mutagens
COP(=S)(Cl)OC,non-mutagens
CC(C)(Cl)OC(C)(C)Cl,mutagens
CC(=O)C(=O)C,mutagens
CC(C)[C@@H]1CC[C@@H](C)CC1=O,mutagens
O1C=C[C@H]2[C@@H]1Oc3ccccc23,mutagens
O=NN1CCC(=O)CC1,mutagens
Cc1cccc2c1ccc3cc4ccccc4cc23,mutagens
NCC=C,non-mutagens
C1CC[C@@H]2CCCC[C@H]2C1,non-mutagens
Cc1ccc(cc1)\C(=C\C=C\c2ccccc2[N+](=O)[O-])\C#N,mutagens
C[C@@H](O)CN(C)c1ccc(NN)nn1,mutagens
COc1ccc(cc1)C(=C(c2ccc(OC)cc2)c3ccc(OC)cc3)Cl,non-mutagens
ClC(=C1OC(=O)C(=C1)Cl)Cl,mutagens
CN1(=CC=CC(=C1)C(=O)O)Cl,non-mutagens
CC(C)c1ccc(C)c(O)c1,non-mutagens
Nc1ccc2c(no[n+]2[O-])n1,mutagens
OC(=O)c1c(Br)c(Br)c(Br)c(Br)c1C(=O)O,non-mutagens
COc1ccc2c(c1)c3cc(OC)ccc3c4c5ccc(OC)cc5c6cc(OC)ccc6c24,mutagens
CC1(C)S[C@@H]2[C@@H](NC(=O)[C@@H](N)c3ccccc3)C(=O)N2[C@H]1C(=O)O,non-mutagens
NCC(=O)NCC(=O)NCC(=O)NCC(=O)O,non-mutagens
Cc1cc(cc(c1)C#[N+][O-])C#[N+][O-],mutagens
Cc1ccc(N=Nc2c(O)ccc3ccccc23)c(c1)[N+](=O)[O-],mutagens
Nn1c2ccccc2c3cnccc13,mutagens
ON=C1CCCCC1,mutagens
[O-][N+](=O)c1cc(ccc1F)N=[N+]=[N-],mutagens
CN(C)c1ccc2nc3cc(C)c(N)cc3[s+]c2c1,mutagens
CC1=C(O)C(=O)C=CO1,mutagens
Nc1ccccc1SCCSc2ccccc2N,mutagens
Oc1ccc(CC=C)cc1O,mutagens
CCCC(=O)Nc1ccc(OC[C@H](O)CNC(C)C)c(c1)C(=O)C,non-mutagens
CN1CCC(=CC1)c2ccccc2,non-mutagens
COP(=S)(OC)Oc1ccc(SC)c(C)c1,non-mutagens
CC(C)[C@H]1CC[C@H](C)C[C@@H]1O,non-mutagens
ClC(=O)OCC1c2ccccc2c3ccccc13,mutagens
COC1=CC=CC=CC1,mutagens
Oc1nc(Cl)nc(Cl)n1,non-mutagens
ONc1cc2ccccc2[nH]1,mutagens
ClC=C(Cl)Cl,non-mutagens
NC(=N)c1ccc2cc([nH]c2c1)C(=N)N,non-mutagens
Clc1ccc(cc1Cl)c2ccc(Cl)c(Cl)c2Cl,non-mutagens
COC(=O)C(C)(C)Oc1ccc(cc1)c2ccc(Cl)cc2,non-mutagens
CC(C)OS(=O)(=O)c1ccc(C)cc1,mutagens
ClC(Cl)C(=C(Cl)Cl)C=O,mutagens
O1C=CC=Cc2c1c3cc4ccccc4cc3c5ccccc25,mutagens
Clc1c(Cl)c(Cl)c2Oc3c(Cl)c(Cl)c(Cl)c(Cl)c3Oc2c1Cl,non-mutagens
Cc1ccc(cc1)[N+]#N,mutagens
NCCCNCCCCN(CCCN)N(O)N=O,mutagens
O=C1c2ccccc2CCc3ccccc13,non-mutagens
Nc1ccc2c(c3ccccc3C(=O)O)c4ccc(N)cc4[o+]c2c1,non-mutagens
CON,non-mutagens
Cc1cc(C)c2nsnc2c1N,mutagens
CCc1nc(N)nc(N)c1c2ccc(Cl)cc2,non-mutagens
COc1cc(NS(=O)(=O)C)ccc1Nc2c3ccc(cc3nc4c(C)cccc24)N=[N+]=[N-],mutagens
O\[N+](=C/1\C=CC=C2C1=CC=C/C/2=[N+](/O)\[O-])\[O-],mutagens
Oc1cnnc(O)n1,mutagens
NCCc1c[nH]cn1,non-mutagens
OCP(Cl)(CO)(CO)CO,non-mutagens
CCCCCCOC(=O)c1ccccc1C(=O)OCCCCCC,non-mutagens
Clc1ccc(cc1)S(=O)(=O)c2cc(Cl)c(Cl)cc2Cl,non-mutagens
Cc1c(N)cccc1Cl,non-mutagens
C[C@@H](O)COC(C)(C)C,mutagens
CCC1(C(=O)NCNC1=O)c2ccccc2,mutagens
CC(C)(C)c1ccc(OP2OCC3(COP(Oc4ccc(cc4C(C)(C)C)C(C)(C)C)OC3)CO2)c(c1)C(C)(C)C,non-mutagens
ClC(=C1CC(=O)NC1=O)Cl,mutagens
CCCN(N=O)C(=O)N,mutagens
Clc1ccncc1,non-mutagens
CC(C)(C)OC(=O)[C@H](N)CN=[N+]=[N-],mutagens
CN=C=O,non-mutagens
CC1=CC(=O)CC(C)(C)C1,non-mutagens
Clc1ccc(Cl)nc1,non-mutagens
BrN1C(=O)CCC1=O,mutagens
CC(C)CC=O,non-mutagens
CCC(CC)[N+](=O)[O-],non-mutagens
CC(C)NC(=O)NS(=O)(=O)c1cnccc1Nc2cccc(C)c2,non-mutagens
CN(C)C(=O)OC1=CN(=CC=C1)(C)Br,non-mutagens
Oc1c(Cl)ccc(Cl)c1Cl,non-mutagens
CNC(=O)Oc1ccccc1OC(C)C,mutagens
CCN(CC)c1ccc2nc3ccc(cc3[o+]c2c1)N(CC)CC,mutagens
C=CC=O,mutagens
OS(=O)(=O)c1ccc2NC(=O)C(=O)c2c1,mutagens
C[N+](C)(C)CCO,non-mutagens
CC(=O)Oc1cc(c2ccc3cccc4ccc1c2c34)[N+](=O)[O-],mutagens
CNNCc1ccc(cc1)C(=O)NC(C)C,non-mutagens
C[C@@H](O)CCC(=O)c1cocc1,non-mutagens
CC[C@@]12CC[C@H]3[C@@H](CCC4=CC(=O)CC[C@H]34)[C@@H]1CC[C@@]2(O)C#C,non-mutagens
CCOC[C@@H]([OH2+])COc1ccc([N-]C(=O)CC[S+](C)C)cc1,non-mutagens
CC[C@H](CO)NCCN[C@H](CC)CO,non-mutagens
O=CC1C=COC=C1,non-mutagens
COC[C@@H](O)Cn1cc(nc1Cl)[N+](=O)[O-],mutagens
C1=Cc2cc3cccc4c5ccccc5c6ccc1c2c6c34,mutagens
OC(=O)CCCc1ccc(cc1)N(CCCl)CCCl,mutagens
Oc1c(cc(c2ccc(cc12)S(=O)(=O)O)[N+](=O)[O-])[N+](=O)[O-],mutagens
[O-][N+](=O)c1[nH]cnc1c2ccccc2,mutagens
COS(=O)(=O)C(F)(F)F,mutagens
CCN(CC)C(=O)\C(=C(\C)/OP(=O)(OC)OC)\Cl,mutagens
Oc1cccc2OC(=O)C(=Cc12)[C@@H]3CCc4ccccc4C3,non-mutagens
OC(=O)C(=O)Nc1cccc(c1)c2nn[nH]n2,non-mutagens
OC1=C\C(=N\c2ccc(cc2)[N+](=O)[O-])\C(=O)C=C1c3nnc(NC(=O)c4ccccc4)s3,mutagens
C[N@@+]1([O-])CCC[C@@H]1c2cccnc2,non-mutagens
Cc1cc(Nc2ccc(O)cc2)ccc1N,mutagens
Nc1ccc(cc1C(=O)O)S(=O)(=O)O,non-mutagens
C\C=C\CC#N,non-mutagens
COc1cc2OC[C@@H]3Oc4c5C[C@H](Oc5ccc4C(=O)[C@H]3c2cc1OC)C(=C)C,non-mutagens
COc1ccc2nc3cc(Cl)ccc3c(NCCCNCCCl)c2c1,mutagens
Fc1ccc(cc1)C(=O)CCCN2CCN(CC2)c3ccccn3,non-mutagens
COc1ccccc1\C=C/C=O,mutagens
COC(=O)c1cc2c3ccccc3[nH]c2c(n1)c4ccc5C(=O)C=CC(=O)c5n4,mutagens
CC(C)CC(=O)OCc1cocc2c(C=O)ccc12,mutagens
NC(=N)c1ccc(cc1)c2cc3ccc(cc3s2)C(=N)N,non-mutagens
C[C@H]1CCOS(=O)(=O)O1,mutagens
ONC(=O)Cc1cn(cn1)N=O,mutagens
Nc1nc[nH]n1,non-mutagens
[O-][N+]1=C2C=CC(=O)C=C2\C(=N/c3ccccc3)\C1(c4ccccc4)c5ccccc5,non-mutagens
OC(=O)c1cccnc1Nc2cccc(c2)C(F)(F)F,non-mutagens
[O-][N+](=O)c1ccc2nc3c(cccc3nc2c1)[N+](=O)[O-],mutagens
CN1C(=O)CN=C(c2ccccc2F)c3cc(ccc13)[N+](=O)[O-],mutagens
Nc1cc(Cl)cc(Cl)c1,non-mutagens
CC1=CC(=O)C=C(C)C1=O,non-mutagens
CC(C)(C)OOC1(C)C=C(C(=O)C(=C1)C(C)(C)C)C(C)(C)C,non-mutagens
Nc1ccc2snc(Cl)c2c1,mutagens
CN(C)CC\C=C\1/c2ccccc2COc3ccccc13,non-mutagens
C[C@H](CS)[C@@H]1CC[C@@H](C)[C@H](S)C1,non-mutagens
COc1c(Cl)ccc(Cl)c1C(=O)O,non-mutagens
CN1c2ccc3OCCOCCOCCOCCOCCOCCOc4ccc1c(c4)C(=S)c2c3,non-mutagens
C\C=C\C=C\CCCCCCCO,non-mutagens
CC(C)[N+](C)(CCOC(=O)C1c2ccccc2Oc3ccccc13)C(C)C,non-mutagens
[N-]=[N+]=NCCc1ccccc1,mutagens
CN1C2=NC(=O)NC(=O)C2=Nc3cc(C)c(C)cc13,mutagens
COC(F)(F)C(Cl)Cl,non-mutagens
CN1CCC(=C2c3ccccc3C=Cc4ccccc24)CC1,non-mutagens
CNc1ccccc1N,mutagens
CCOC1=CC(=O)C(=CC1=O)NC(=O)C,mutagens
COC1=CC=C(C=CC1=O)[N+](=O)[O-],mutagens
[O-][N+](=O)c1cc2ccc3cc(cc4ccc(c1)c2c34)[N+](=O)[O-],mutagens
CC(C)S(=O)(=O)Cl,mutagens
Cc1cc(N)sn1,mutagens
COP(=O)(OC)Oc1c(Cl)cc(C)cc1Cl,non-mutagens
C[n+]1c2ccccc2cc3cc(N)ccc13,mutagens
OC1(CCCCC1)C#N,non-mutagens
O=[N+](Nc1ccccc1)c2ccccc2,mutagens
OC(=O)c1cc(ccc1O)N=Nc2ccc(cc2)[N+](=O)[O-],mutagens
ONc1cc[n+]([O-])c2ccccc12,mutagens
O\[N+](=C/1\C=CN([O])c2ccccc12)\[O-],mutagens
COc1ccc([C@H](OC(=O)C)C=C)c2ccccc12,mutagens
COc1ccc2c3ccccc3C(=O)c4cccc1c24,mutagens
CN1CCN(C)CC1,non-mutagens
CCN(CCO[N+](=O)[O-])[N+](=O)[O-],mutagens
C\C(=C(\OCCOc1ccc(Cl)cc1)/c2ccc(Cl)cc2Cl)\n3ccnc3,non-mutagens
N#CC1=C(SCCS1)C#N,non-mutagens
CSSC,non-mutagens
ClCCCl,mutagens
C[C@H](CCC#N)C#N,mutagens
CC(C)(C)CC(C)(S)CC(C)(C)C,non-mutagens
C[C@H]1C[C@@H](C)C(=O)[C@H](C1)[C@@H](O)CC2CC(=O)NC(=O)C2,non-mutagens
ICCc1ccc(OCc2ccccc2)cc1,mutagens
COC(=O)c1c(O)c2ccccc2c3OC(C)(C)C=Cc13,mutagens
CCCOO,mutagens
OC(=O)\C(=C(/CCl)\C(=O)O)\Cl,non-mutagens
ClC[C@@]1(C(Cl)Cl)[C@H]2CC(Cl)(Cl)[C@]1(CCl)[C@H](Cl)[C@@H]2Cl,mutagens
COc1cc(OC)c(Cl)c(c1)N2C(=CC(=O)C(=C2c3ccc(F)cc3)C)c4ccccc4,non-mutagens
ClCc1cnc(Cl)nc1Cl,mutagens
C[C@@H]1CCC(=C(C)C)C(=O)C1,non-mutagens
OC(=O)c1c(Cl)c(Cl)c(Cl)c2Oc3c(Br)c(O)c(Br)cc3C(=O)c12,non-mutagens
Cc1cc(c(C)c2c3ccccc3n(C)c12)[N+](=O)[O-],mutagens
CCCC[C@@H](CC)C=O,non-mutagens
OCC#CCO,non-mutagens
CCn1c2ccccc2c3cc(N)ccc13,mutagens
O=C1Oc2c3CCCN4CCCc(cc2C=C1)c34,mutagens
CC1=Nc2ccccc2C1(C)C,non-mutagens
OC(=O)[C@@H]1CSCN1,non-mutagens
CC1(OO)c2ccccc2c3ccccc13,mutagens
CCCC(=O)c1c2cccc(O)c2c(O)c3c(O)cccc13,mutagens
O=S1(=O)CCCCO1,mutagens
O=C1N(C[C@H]2CO2)C(=O)N(C[C@H]3CO3)C(=O)N1C[C@H]4CO4,mutagens
CC(=O)CCOOCCC(=O)C,non-mutagens
Cn1nc(cc1N)C2CC2,mutagens
CC(=O)c1ccc2OC3(CC3)C(=O)c2c1,non-mutagens
CN1CCN=N1,mutagens
O=Nc1ccc(Sc2ccccc2)cc1,mutagens
[O-][N+](=O)c1cc(c2[nH]c3cnc(cc3c2c1)[N+](=O)[O-])[N+](=O)[O-],mutagens
CN(C)c1ccc2cc3ccc(cc3nc2c1)N(C)C,mutagens
OC[C@@H](O)[C@@H](O)[C@@H](O)[C@@H](O)[C@H]1SCCN1N=O,mutagens
CC(C)(O)C#N,non-mutagens
Cc1nn(C)c(N)c1C(=O)c2ccccc2F,mutagens
Oc1cc2C[C@]3(O)COc4c(O)c(O)ccc4[C@@H]3c2cc1O,non-mutagens
CCCN(CCC)c1c(cc(cc1[N+](=O)[O-])C(F)(F)F)[N+](=O)[O-],mutagens
OC(=O)[C@H]1[C@@H](C(=O)O)[C@]2(Cl)C(=C(Cl)[C@@]1(Cl)C2(Cl)Cl)Cl,non-mutagens
ClC(=O)Cc1ccccc1,mutagens
CN1C2=CC=CC(=[NH2+])C2=Cc3ccccc13,mutagens
OCC1=CCN2CC[C@@H](O)[C@@H]12,non-mutagens
O[C@H]1N=C(c2ccccc2)c3cc(Cl)ccc3NC1=O,non-mutagens
CC\C=C\[C@@H](CC)C=O,non-mutagens
N#CSCSC#N,non-mutagens
CC(=O)O[C@H]1[C@H](O)[C@H]2O[C@H]3C=C(C)C(=O)[C@H](O)[C@]3(CO)[C@]1(C)[C@]24CO4,non-mutagens
Nc1nnc(S)s1,non-mutagens
[O-][N+](=O)C1=Cc2c3c1cccc3cc4ccc5ccccc5c24,mutagens
Brc1c(Br)c(Br)c2C(=O)OC(=O)c2c1Br,non-mutagens
Cc1ccc(O)cc1O[P@@](=O)(Oc2ccc(O)cc2C)Oc3c(C)cccc3O,non-mutagens
CC(C)N=C=NC(C)C,non-mutagens
CCOP(=S)(OCC)S[C@@H]1OCCO[C@H]1SP(=S)(OCC)OCC,mutagens
o1ccc2ccccc12,non-mutagens
BrC[C@@](Br)(CCC#N)C#N,non-mutagens
O\N=C\c1ccccn1,non-mutagens
Cl[C@@H](Br)C#N,mutagens
COc1cc(CC=C)cc2OCOc12,non-mutagens
CN1C(=O)CC(=O)N(c2ccccc2)c3cc(Cl)ccc13,non-mutagens
[O-][N+](=O)C1CCCC1,mutagens
Clc1ccc(NC(=O)Nc2ccc(Cl)c(Cl)c2)cc1,non-mutagens
COc1cc(O)c2C(=O)c3c(O)ccc(O)c3Oc2c1,mutagens
ONC(=O)CNC(=O)c1ccccc1,mutagens
O[C@H]1CC(=C[C@@H](O)[C@@H]1O)C(=O)O,non-mutagens
Cn1cccc1,non-mutagens
C[C@@H]1CCCC[C@H]1NC(=O)Nc2ccccc2,non-mutagens
BrC(Br)C(Br)(Br)Br,non-mutagens
Cc1ncc2CCCc2n1,non-mutagens
C\C=C(\C)/C#N,non-mutagens
CN(C)C(=O)c1nc(CNC(=O)CN)n(n1)c2ccc(Cl)cc2C(=O)c3ccccc3Cl,non-mutagens
CC(C)(C)OC(=O)OC(=O)OC(C)(C)C,non-mutagens
Clc1ccc(N2C(=O)CCC2=O)c(Cl)c1Cl,non-mutagens
COc1cc2nc3cc(N)c(OC)cc3nc2cc1N,mutagens
CN1C(=C(O)c2sccc2S1(=O)=O)C(=O)Nc3ccccn3,non-mutagens
Cc1ccc(NCCO)cc1O,non-mutagens
OC(=O)CCC(=O)Nc1ccc(Cl)c(Cl)c1Cl,non-mutagens
COCc1c(O)cc2C(=O)c3ccccc3C(=O)c2c1O,mutagens
O=C[C@H]1CO1,mutagens
CC(C)NC(C)C,non-mutagens
Cc1cc(O)ccc1Cl,non-mutagens
CCCCNCC,non-mutagens
OC1C(=O)C(=O)C1=O,non-mutagens
CN1SC(=CC1=O)Cl,mutagens
N\N=C\1/N=NC=C2C=CC=C[C@H]12,mutagens
c1c[nH]cn1,non-mutagens
C1C[C@@H]2O[C@@H]2[C@H]1O[C@H]3CC[C@@H]4O[C@H]34,non-mutagens
OC(=O)C\C(=C\C(=O)O)\C(=O)O,non-mutagens
O=CCC=O,mutagens
CC1=C(C)C(=O)C(=C(C)C1=O)C,non-mutagens
CSCCl,mutagens
CC(=O)C1=C(C)\C(=[N+](/O)\[O-])\[C-](C(=C1C)[N+](=O)[O-])C(C)(C)C,non-mutagens
OC1(O)C(=O)c2ccccc2C1=O,non-mutagens
O=C1Nc2cc3ccccc3c4c5OCOc5cc1c24,mutagens
ClC(Cl)(Cl)[C@@H]1CO1,mutagens
Nc1cc(Cl)c(cc1Cl)c2cc(Cl)c(N)cc2Cl,mutagens
NC1=NC(=O)N(C=C1)[C@@H]2CC[C@H](CO)O2,mutagens
COc1ccccc1NCSC,mutagens
COP(=O)(OC)OC,mutagens
ClC(Cl)(Cl)C#N,mutagens
Cc1c(cccc1N=C=O)N=C=O,mutagens
CCOP(=S)(OCC)OCCSCC,mutagens
ClCc1cccnc1,mutagens
OCCCCl,mutagens
CCCCCCCC(=O)OCC(COC(=O)CCCCCCC)OC(=O)CCCCCCC,mutagens
NC(=O)NCC=C,mutagens
ClC(Cl)(Cl)c1ccccc1,mutagens
[O-][N+](=O)c1ccc2N(S\C(=N/C(=O)CCCCl)\c2c1)C(=O)CCCCl,mutagens
Cc1cc(C)c(N)c(C)c1N,mutagens
Nc1cccc2ncc(F)cc12,mutagens
ON(C=O)c1ccc(Oc2ccc(Cl)cc2)cc1,mutagens
CN1\C(=N\N)\Sc2ccccc12,mutagens
C\C(=C/C=C/C=C(\C)/C=C/C=C(\C)/C=C/C1=C(C)CCCC1(C)C)\C=C\C=C(/C)\C=C\C2=C(C)CCCC2(C)C,mutagens
Nc1ccc(N)cc1,mutagens
Oc1cccc2cccnc12,mutagens
ClC1=C(Cl)C(=O)C(=C(Cl)C1=O)Cl,mutagens
Clc1cc(Cl)cc(c1)N2C(=O)N3C[C@H](C[C@]3(Cc4ccc(cc4)C#N)C2=O)N=[N+]=[N-],mutagens
CS(=O)(=O)N1N=CC(=C(Cl)C1=O)Cl,mutagens
CCNc1cc(O)ccc1C,mutagens
Oc1ccc(Cl)cc1C(=O)Nc2ccc(cc2Cl)[N+](=O)[O-],mutagens
[O-][N+](=O)c1ccc(C=O)cc1,mutagens
CCCCCOc1ccc(cc1)N=O,mutagens
O=Nc1cccc(c1)c2ccccc2,mutagens
CCCCC\C=C\C(=O)CCc1ccc(O)c(OC)c1,mutagens
CCBr,mutagens
ClC(=C)Cl,mutagens
FC(Cl)(Cl)C(F)(Cl)Cl,mutagens
Nc1ccc(Oc2ccccc2)cc1,mutagens
CCN(CC)c1ccc2C(c3ccc(cc3Oc2c1)N(CC)CC)c4ccccc4C(=O)O,mutagens
CC(=O)Nc1cc2Cc3ccccc3c2cc1Cl,mutagens
CCOP(=O)(OCC)Oc1cc(C)nc(n1)C(C)C,mutagens
Nc1nc2c(CCc3ncccc23)s1,mutagens
Nc1cnc2ccccc2c1,mutagens
NNCCO,mutagens
CCCCON(OC(=O)C)C(=O)c1ccccc1,mutagens
BrCc1ccccc1,mutagens
CC(=O)OCC=C,mutagens
NC(=O)NO,mutagens
Fc1ccccc1,mutagens
ClC(Cl)(Cl)SN1C(=O)[C@@H]2CC=CC[C@H]2C1=O,mutagens
CC(=O)N(O[C@@H]1O[C@H](CO)[C@@H](O)[C@H](O)[C@H]1O)c2ccc(Oc3ccc(Cl)cc3)cc2,mutagens
C[C@H]1C[C@H](OC(=O)C)O[C@H](C)O1,mutagens
OC(=O)\C=C\c1cccc(c1)[N+](=O)[O-],mutagens
CCOC(=O)[C@@H](C)C[C@@](C)(C[C@H](C[C@](C)(C[C@@H](C[C@@](C)(CC)C(=O)O)C(=O)OCC)C(=O)O)C(=O)OCC)C(=O)O,mutagens
CN(C)c1cccc(O)c1,mutagens
BrCC(Br)(Br)Br,mutagens
[O-][N+](=O)c1ccc2c(c1)c3nc4ccccc4c5c6ccccc6nc2c35,mutagens
CC(C)(c1ccc(OC[C@H]2CO2)cc1)c3ccc(OC[C@H]4CO4)cc3,mutagens
C=CCN(CC=C)N=O,mutagens
CCc1c(O)ccc2c3CCO[C@](CC)(CC(=O)O)c3[nH]c12,mutagens
CCC1=C(O)C(=O)c2c(O)c(O)c(O)c(O)c2C1=O,mutagens
COc1cccc2c1cc(c3c(cc4OCOc4c23)C(=O)O)[N+](=O)[O-],mutagens
CCCCN(C)N=O,mutagens
NNc1nncc2ccccc12,mutagens
CC(C)OS(=O)(=O)C,mutagens
COc1cc(OC)c(\C=C\C)cc1OC,mutagens
Nc1ccc2cccc3c4ccccc4c1c23,mutagens
Cc1ccc(cc1)S(=O)(=O)NN,mutagens
CC(=O)N(O)c1ccccc1C,mutagens
O=Cc1occc1,mutagens
COP(=O)(OC)OC=C(Cl)Cl,mutagens
COc1ccc2[nH]cc(CCNC(=O)C)c2c1,non-mutagens
NCc1ccc(CN)cc1,non-mutagens
Clc1cccc(C=O)c1,non-mutagens
Cc1ccccc1S(=O)(=O)N,non-mutagens
O(P(Oc1ccccc1)Oc2ccccc2)c3ccccc3,non-mutagens
[O-][N+](=O)c1ccc(cc1)[n+]2nc(nn2c3ccc(I)cc3)c4ccccc4,non-mutagens
OC(=O)CC(O)(CC(=O)O)C(=O)O,non-mutagens
CC(C)COC(=O)C(=C)C#N,non-mutagens
Nc1ccc(NC(=O)c2ccc(cc2)C(=O)O)cc1,non-mutagens
COC(=O)c1oc(NOC(=O)C)c(c2ccccc2)c1c3ccccc3,non-mutagens
Oc1ccc2[nH]ccc2c1,non-mutagens
O=C1OCC=C1,non-mutagens
CCCCCCNC(=O)N1C=C(F)C(=O)NC1=O,non-mutagens
CCOP(=S)(OCC)SCN1C(=O)Oc2cc(Cl)ccc12,non-mutagens
CC(C)(CO)CO,non-mutagens
OC(=O)C(=O)C(=O)O,non-mutagens
CC(=CCC1=C(O)C(=O)c2ccccc2C1=O)C,non-mutagens
Cc1ccc(CO)cc1,non-mutagens
OCc1cc2ccc3cccnc3c2[nH]1,non-mutagens
[O-][n+]1c2ccc3ccccc3c2cc4c5ccccc5ccc14,non-mutagens
CC(C)C(=O)Nc1snc2cc(Cl)ccc12,non-mutagens
O=Cc1c2ccccc2cc3ccccc13,non-mutagens
Cn1c(N)nc2c1ccc3nc(c4ccccc4)c(nc23)c5ccccc5,non-mutagens
FC(F)(F)c1ccccc1Cl,non-mutagens
Cc1cc(C)c(C)cc1C,non-mutagens
Cc1cc2ncccc2c3ncn(C)c13,non-mutagens
CCc1cccc2c(CCO)c[nH]c12,non-mutagens
O=C1c2ccc3nc(sc3c2C(=O)c4ccc5nc(sc5c14)c6ccccc6)c7ccccc7,non-mutagens
CC1=NCCc2c1[nH]c3cc(O)ccc23,non-mutagens
CCOC(=O)C(=NNc1ccc(cc1Cl)c2ccc(NN=C(C(=O)OCC)C(=O)OCC)c(Cl)c2)C(=O)OCC,non-mutagens
Oc1c(Cl)cc(Cl)cc1Sc2cc(Cl)cc(Cl)c2O,non-mutagens
CCCCOCCOCCO,non-mutagens
ClC1=CC(=O)C=CC1=O,non-mutagens
N\C(=N/OS(=O)(=O)O)\c1ccccc1,non-mutagens
Cc1cc(C)n(n1)c2nnc(NN)c3c4ccccc4[nH]c23,non-mutagens
COc1ccc(cc1OC)C(=O)N2CCN(CC2)c3ccc4NC(=O)CCc4c3,non-mutagens
CN(Cc1cnc2nc(N)nc(N)c2n1)c3c(Cl)cc(cc3Cl)C(=O)N[C@@H](CCC(=O)O)C(=O)O,non-mutagens
N(c1ccccc1)c2ccc3ccccc3c2,non-mutagens
CCC(C)(C)c1cc(N2Nc3ccccc3N2)c(O)c(c1)C(C)(C)CC,non-mutagens
Oc1c2nc3ccccc3c2nnn1\N=C\c4ccc(cc4)c5ccccc5,non-mutagens
Nc1ccc(cc1)C(=O)OCCCOC(=O)c2ccc(N)cc2,non-mutagens
CN(C)C#N,non-mutagens
Nc1ncc2[nH]cnc2n1,non-mutagens
Nc1nc2cc(Cl)c(Cl)cc2s1,non-mutagens
CC(=O)c1c(C)c(c(c(c1C)[N+](=O)[O-])C(C)(C)C)[N+](=O)[O-],non-mutagens
Oc1nsc2ccccc12,non-mutagens
COc1ccc2cc3c4cc5OCOc5cc4CC[n+]3cc2c1OC,non-mutagens
CCCCCCCCCCCC(=O)N(CCO)CCO,non-mutagens
CCCN(CCC)S(=O)(=O)c1ccc(cc1)C(=O)O,non-mutagens
ClCCN(CCCl)CCCl,non-mutagens
[O-][n+]1cc2cccnc2cn1,non-mutagens
Oc1ccc(cc1)C2=COc3cc(O)ccc3C2=O,non-mutagens
CC(=O)OC=C,non-mutagens
CCOCCc1c(nc(N)n2ncnc12)c3ccccc3,non-mutagens
Cc1cccc2sc(N)nc12,non-mutagens
