molecule_chembl_id,canonical_smiles,activity_comment
CHEMBL398372,CC(C)(N)C(=O)N[C@H](COCc1ccccc1)c1nnnn1CCOC(=O)NCCCCO,Non-toxic
CHEMBL137803,C=C1C(=O)O[C@@H]2C[C@@]3(C)CCCC(=C)[C@@H]3C[C@H]12,Toxic
CHEMBL486423,C=C1CCC[C@]2(C)C[C@H]3OC(=O)[C@@H](C)[C@H]3C[C@@H]12,Non-toxic
CHEMBL6466,O=c1ccc2ccccc2o1,Non-toxic
CHEMBL24171,COc1c2ccoc2cc2oc(=O)ccc12,Non-toxic
CHEMBL416,COc1c2occc2cc2ccc(=O)oc12,Non-toxic
CHEMBL52229,COc1ccc2ccc(=O)oc2c1CC=C(C)C,Non-toxic
CHEMBL453805,CC(C)=CCOc1c2occc2cc2ccc(=O)oc12,Non-toxic
CHEMBL164660,O=c1ccc2cc3ccoc3cc2o1,Non-toxic
CHEMBL51628,O=c1ccc2ccc(O)cc2o1,Non-toxic
CHEMBL447467,N=C(N)NN=O,Toxic
CHEMBL450641,CC/C=C/C=C/C=C/C=C/OCC(O)CO,Toxic
CHEMBL451631,CC/C=C/OCC(O)CO,Non-toxic
CHEMBL485168,CC/C=C/C=C/C=C/OCC(O)CO,Non-toxic
CHEMBL451634,CC/C=C/C=C/OCC(O)CO,Non-toxic
CHEMBL454514,CC/C=C/C=C/C=C/C=C/C=C/OC[C@@H](O)CO,Toxic
CHEMBL486102,CC/C=C/C=C/C=C/C=C/C=C/OCC(O)CO,Toxic
CHEMBL121548,C/C=C/c1cc(OC)c(OC)c(OC)c1,Toxic
CHEMBL465004,COc1cc(OC)c2cc([N+](=O)[O-])c3c(C(=O)O)cc4c(c3c2c1)OCO4,Toxic
CHEMBL232104,COC(=O)N1CCC(CN(C2Cc3cc(C#N)ccc3N(Cc3cncn3C)C2)S(=O)(=O)c2ccccn2)CC1,Non-toxic
CHEMBL1173240,Cc1nc(Nc2cccc3c2C[C@H](O)CC3)oc1-c1ccc(C(F)(F)F)cc1,Non-toxic
CHEMBL1170367,CCN(C(C)=O)c1ccc(OC)c2nc(NC(=O)c3ccnn3C)sc12,Non-toxic
CHEMBL1766005,COC(=O)C(C)(C)C(c1ccc(Nc2ccc3ccccc3c2)cc1)n1ccnc1,Non-toxic
CHEMBL1766310,COc1cc2c(cc1OC)C1CCC2N1N=O,Toxic
CHEMBL1766312,O=NN1C2C=CC1c1cc([N+](=O)[O-])ccc12,Toxic
CHEMBL1766313,O=NN1C2CC(O)C1c1ccc([N+](=O)[O-])cc12,Toxic
CHEMBL1766307,O=NN1C2c3ccccc3C1C(C(F)(F)F)C2C(F)(F)F,Non-toxic
CHEMBL1766305,O=NN1C2c3ccccc3C1C1C(=O)N(c3ccccc3)C(=O)C12,Non-toxic
CHEMBL2092729,CN1C(=O)[C@@H]2C3c4ccccc4C([C@@H]2C1=O)N3N=O,Non-toxic
CHEMBL1766303,CCOC(=O)CCN1C(=O)C2C(C1=O)C1c3ccccc3C2N1N=O,Non-toxic
CHEMBL1766304,COC(=O)C1C(C(=O)OC)C2c3ccccc3C1N2N=O,Non-toxic
CHEMBL1766308,COC(=O)C1CC2c3ccccc3C1N2N=O,Non-toxic
CHEMBL1766309,O=NN1C2CCC1c1ccccc12,Non-toxic
CHEMBL1766311,O=NN1C2CCC1c1cc([N+](=O)[O-])ccc12,Non-toxic
CHEMBL1766314,O=NN1C2CC(O)C1c1ccccc12,Non-toxic
CHEMBL1766315,O=NN1C2CCC1CC2,Non-toxic
CHEMBL1766316,COC(=O)C1C(C(=O)OC)C2CCC1N2N=O,Non-toxic
CHEMBL1766317,COCC12CCC(C(C(=O)OC)C1)N2N=O,Non-toxic
CHEMBL1766318,COC(=O)C1CC2(COCc3ccccc3)CCC1N2N=O,Non-toxic
CHEMBL1766319,O=NN1Cc2ccccc2C1,Non-toxic
CHEMBL351175,O=NN1CCCC1,Non-toxic
CHEMBL1774859,CC(=O)c1c(C(F)(F)F)[n+]([O-])c2cc(F)c(F)cc2[n+]1[O-],Toxic
CHEMBL1774812,O=C(c1ccccc1)c1c(C(F)(F)F)[n+]([O-])c2cc(F)c(F)cc2[n+]1[O-],Non-toxic
CHEMBL1424857,CC(=O)c1c(C)[n+]([O-])c2cc(F)c(F)cc2[n+]1[O-],Toxic
CHEMBL1778446,COCCc1sc(S(=O)(=O)NC(=O)Nc2cc(Br)cc3nccn23)cc1C,Non-toxic
CHEMBL1778449,COCCc1sc(S(=O)(=O)NC(=O)Nc2cc(Br)cc(N)n2)cc1C,Toxic
CHEMBL1823817,COC[C@H](O)Cn1c(=O)cnn(-c2ccc(Cl)c(C(=O)NCC3(O)CCCCCC3)c2)c1=O,Non-toxic
CHEMBL3084389,Cc1c(Nc2ccc(C#N)cc2Cl)ncnc1O[C@@H]1C[C@@H]2CC[C@H](C1)N2S(=O)(=O)C1CC1,Non-toxic
CHEMBL1800774,CC(C)(N)C(=O)N1CCn2c(nc(-c3ccc(F)cc3)c2Nc2ccc(F)c(F)c2)C1,Non-toxic
CHEMBL1808384,C[C@@]1(c2cccc(NS(C)(=O)=O)c2)[C@H]2CN(CCCc3ccccc3)C[C@H]21,Non-toxic
CHEMBL1809106,CC(C)(CO)Cn1ncn(-c2ccc(N3CCN(c4ccc(OC[C@H]5CO[C@](Cn6cncn6)(c6ccc(F)cc6F)O5)cc4)CC3)cn2)c1=O,Non-toxic
CHEMBL1668019,CCCCN1C(=O)[C@@H]([C@H](O)C2CCCCC2)NC(=O)C12CCN(Cc1ccc(Oc3ccc(C(=O)O)cc3)cc1)CC2.Cl,Non-toxic
CHEMBL1812161,CC(C)=CCC/C(C)=C/CC/C(C)=C/CC[C@@](C)(O)CCC1=C(C)C(=O)C(C)=C(C)C1=O,Non-toxic
CHEMBL1829335,C[C@@H]1CCCN1CCCOc1ccc(-c2ccc(=O)[nH]n2)cc1,Non-toxic
CHEMBL1819090,Cn1c(=O)c2c(cc(N3CCC[C@@](C)(N)C3)n2Cc2cc(F)ccc2C#N)n(C)c1=O,Non-toxic
CHEMBL1822422,Clc1ccc(Oc2nc(C(Cl)(Cl)Cl)nc3ccccc23)cc1,Non-toxic
CHEMBL53463,COc1cccc2c1C(=O)c1c(O)c3c(c(O)c1C2=O)C[C@@](O)(C(=O)CO)C[C@@H]3O[C@H]1C[C@H](N)[C@H](O)[C@H](C)O1,Toxic
CHEMBL1837037,CN1Cc2cc(Cl)ccc2-n2c(nnc2C2CCN(c3ccccn3)CC2)C1,Non-toxic
CHEMBL1834420,N=C(N)NCCC[C@H](N)C(=O)Nc1ccc(Oc2ccc(S(=O)(=O)CC3CS3)cc2)cc1,Non-toxic
CHEMBL1834422,Nc1ccc(Oc2ccc(S(=O)(=O)CC3CS3)cc2)cc1,Non-toxic
CHEMBL1834554,Nc1ncnc2c1O[C@@H](c1ccc([C@H]3CC[C@H](CC(=O)O)CC3)cc1)CO2,Non-toxic
CHEMBL1915783,Cc1noc(NC(=O)N2CCC3(CC2)CC(c2ccc(F)c(Cl)c2)C3)c1C,Non-toxic
CHEMBL1916399,N#Cc1cc(OC(F)(F)F)cc(-c2nc(-c3ccc4c(c3)CCN4C(=O)CCC(=O)O)no2)c1,Non-toxic
CHEMBL1916559,O=C(O)CCC(=O)N1CCc2cc(-c3noc(-c4cc(C(F)(F)F)cc(C(F)(F)F)c4)n3)ccc21,Non-toxic
CHEMBL1923983,CNc1nc2[nH]c(-c3cccc(CNC(=O)COC)n3)cc2c2c1ncn2C,Non-toxic
CHEMBL1922440,Cl.O=[N+]([O-])c1ncn(CCCNc2ccnc3cc(Cl)ccc23)n1,Non-toxic
CHEMBL1922444,Cl.O=[N+]([O-])c1ncn(CCCNc2nc(-c3ccccc3)nc3ccccc23)n1,Non-toxic
CHEMBL1922453,Cl.O=[N+]([O-])c1ncn(CCCNCc2cc(C(F)(F)F)cc(C(F)(F)F)c2)n1,Non-toxic
CHEMBL1923502,C[C@@H]1CN[C@@H](C2CC2)C(=O)N(C)[C@H](C)C(=O)N[C@H](Cc2ccc(F)cc2)C(=O)NCCCc2ccccc2O1.Cl.O,Non-toxic
CHEMBL1766813,COCCN(C)c1ccc(NC(=O)c2nc(-c3ccccc3)oc2C(F)(F)F)cn1,Non-toxic
CHEMBL1929387,Cc1cc2ncc(C(=O)NCC(C)(C)NCC(=O)N3CCC[C@H]3C#N)cn2n1.Cl,Non-toxic
CHEMBL66165,Clc1ccc2c(NCCCCNc3ccnc4cc(Cl)ccc34)ccnc2c1,Non-toxic
CHEMBL253431,CCS(=O)(=O)CCN(C(=O)Cc1ccc(F)c(C(F)(F)F)c1)[C@H](C)c1nc2ncccc2c(=O)n1-c1ccc(C#N)cc1,Non-toxic
CHEMBL1223852,CC1=C(C)C(=O)C(CC[C@](C)(O)CCC[C@H](C)CCC[C@H](C)CCCC(C)C)=C(C)C1=O,Non-toxic
CHEMBL227875,O=[N+]([O-])c1cn2c(n1)OC[C@@H](OCc1ccc(OC(F)(F)F)cc1)C2,Non-toxic
CHEMBL1945829,O=C(O[C@@H]1COc2nc([N+](=O)[O-])cn2C1)N1CCN(c2ccc(OC(F)(F)F)cc2)CC1,Non-toxic
CHEMBL1822067,CCCS(=O)(=O)Nc1ccc(F)c(C(=O)Nc2cnc3[nH]nc(OC)c3c2)c1F,Non-toxic
CHEMBL1822068,CCCS(=O)(=O)Nc1ccc(Cl)c(C(=O)Nc2cnc3[nH]nc(OC)c3c2)c1F,Non-toxic
CHEMBL1945845,Cc1n[nH]c(=O)cc1-c1ccc(OC2CCN(C3CCC3)CC2)cc1,Non-toxic
CHEMBL1946837,N[C@H]1CC[C@H](Nc2ncc3nc(Nc4ccc(F)cc4F)n(C4CCCC4)c3n2)CC1,Non-toxic
CHEMBL1950289,O[C@H]1CC[C@H](Nc2ncc3nc(Nc4c(F)cc(F)cc4F)n([C@H]4CCOC4)c3n2)CC1,Non-toxic
CHEMBL1945843,C[C@@H]1CCCN1CCCOc1ccc(-c2cnn(-c3ccccn3)c(=O)c2)cc1,Toxic
CHEMBL2012958,Cc1nc2c(C#N)cccc2n1-c1ccc(C(=O)NC2CC2)s1,Non-toxic
CHEMBL2017291,COc1cc2c(cc1-c1c(C)noc1C)ncc1[nH]c(=O)n([C@H](C)c3ccccn3)c12,Non-toxic
CHEMBL2017281,COc1cc2c(Nc3cccc4cccnc34)c(C(N)=O)cnc2cc1-c1c(C)noc1C,Toxic
CHEMBL2031886,CN(C)C(=O)c1ccc(-c2ccc3c(c2)CCN(CCN2CCCC2)C3=O)cc1.Cl,Non-toxic
CHEMBL2029546,NC/C=C(/F)COc1ccc(C(=O)NC2CCCCC2)cc1,Non-toxic
CHEMBL2041980,CS(=O)(=O)c1ccc(-c2cnc(N)c(-c3ccc(C(F)(F)F)nc3)c2)cc1,Non-toxic
CHEMBL531475,COc1ccc(-c2cc(-c3ccc(S(C)(=O)=O)cc3)cnc2N)cn1,Non-toxic
CHEMBL2043437,CN1CC[C@@H](NC(=O)Nc2ccc(C#N)cc2)C[C@@H]1c1nc2ccccc2[nH]1,Non-toxic
CHEMBL2041766,Clc1ccc(Sc2nc(C(Cl)(Cl)Cl)nc3ccccc23)cc1,Non-toxic
CHEMBL2046998,Nc1ccc(-c2ccc(Cl)cc2)cc1,Non-toxic
CHEMBL83147,Nc1ccc(-c2ccc(F)cc2)cc1,Non-toxic
CHEMBL2046997,Nc1ccc(-c2cccc(Cl)c2)cc1,Non-toxic
CHEMBL83162,Nc1ccc(-c2cccc(F)c2)cc1,Non-toxic
CHEMBL2046996,Nc1ccc(-c2ccccc2F)cc1,Non-toxic
CHEMBL2046994,Nc1ccc(-c2ccccc2)c(F)c1,Non-toxic
CHEMBL443531,Nc1ccc(-c2ccccc2)cc1Cl,Non-toxic
CHEMBL82377,Nc1ccc(-c2ccccc2)cc1F,Non-toxic
CHEMBL2046990,Nc1ccc(-c2ccccc2Cl)cc1,Non-toxic
CHEMBL2046988,Nc1ccc(-c2c(F)cccc2F)cc1,Non-toxic
CHEMBL2046987,N#Cc1cc(N)ccc1-c1ccccc1Cl,Non-toxic
CHEMBL2047002,Nc1ccc(-c2c(F)cccc2Cl)c(F)c1,Non-toxic
CHEMBL2047001,N#Cc1cc(Cl)ccc1-c1ccc(N)cc1F,Non-toxic
CHEMBL2047000,Nc1ccc(-c2ccc(F)cc2F)c(F)c1,Non-toxic
CHEMBL2046999,Nc1ccc(-c2c(F)cccc2F)c(F)c1,Non-toxic
CHEMBL2046995,Nc1ccc(-c2ccccc2)c(Cl)c1,Non-toxic
CHEMBL2046993,N#Cc1ccc(-c2ccc(N)cc2F)c(Cl)c1,Non-toxic
CHEMBL2046992,CS(=O)(=O)NCc1ccc(-c2ccc(N)cc2F)c(Cl)c1,Non-toxic
CHEMBL2046991,Nc1ccc(-c2ccccc2Cl)c(F)c1,Non-toxic
CHEMBL2046989,Nc1ccc(-c2ccccc2F)c(F)c1,Non-toxic
CHEMBL2048028,CS(=O)(=O)c1cccc(C[C@H](NC(=O)c2c(Cl)cc3c(c2Cl)CCN(C(=O)c2ccc4ccoc4c2)C3)C(=O)O)c1,Non-toxic
CHEMBL2046867,CCOc1cccc([C@@]2(N3CCN(c4ccccc4)CC3)[C@H]3C[C@H](C)C[C@H]32)c1,Non-toxic
CHEMBL2047879,Nc1ncnc2c(C(=O)Nc3c(Cl)ccc(NS(=O)(=O)CCCF)c3F)csc12,Non-toxic
CHEMBL2058831,CC(C)[C@@H]1c2nc(-c3ccc(F)cc3)c(Nc3ccc(F)c(Cl)c3)n2CCN1C(=O)CN,Non-toxic
CHEMBL2146883,O=C(c1ccc(F)c(F)c1Nc1ccc(I)cc1F)N1CC(O)([C@@H]2CCCCN2)C1,Non-toxic
CHEMBL2153191,CCCSc1nc(N2CCC[C@@H](CC(=O)O)C2)ccc1C(=O)NC1CCCCC1,Non-toxic
CHEMBL2151060,O=[N+]([O-])c1cn(-c2ccccc2OC(F)(F)F)cn1,Non-toxic
CHEMBL2153241,O=[N+]([O-])c1cn(-c2ccc(Cl)c(Cl)c2)cn1,Non-toxic
CHEMBL2153243,O=[N+]([O-])c1cn(-c2ccc(F)c(Cl)c2)cn1,Non-toxic
CHEMBL2153117,O=[N+]([O-])c1cn(-c2ccc(OC(F)(F)F)cc2)cn1,Non-toxic
CHEMBL2152561,O=C(O)c1cccc(-c2cccc(CCS)c2C(=O)O)c1,Non-toxic
CHEMBL2170804,CS(=O)(=O)O.OCCn1cc(-c2cnc3nnn(Cc4ccc5ncccc5c4)c3n2)cn1,Non-toxic
CHEMBL2170610,CC(=O)N1CCC(c2ccc(C(=O)NC(=N)N)cc2C(F)(F)F)CC1,Non-toxic
CHEMBL2181208,Clc1ccc2c(Nc3ccc4c(c3)NCN(Cc3ccccc3)C4)ccnc2c1,Non-toxic
CHEMBL2181207,CCCN1CNc2cc(Nc3ccnc4cc(Cl)ccc34)ccc2C1,Non-toxic
CHEMBL2181215,CCCN1COc2cc(Nc3ccnc4cc(Cl)ccc34)ccc2C1,Non-toxic
CHEMBL2181214,CCN1COc2cc(Nc3ccnc4cc(Cl)ccc34)ccc2C1,Non-toxic
CHEMBL2178422,N[C@@H]1c2cccnc2[C@H](OC(=O)N2CCC(n3c(=O)[nH]c4ncccc43)CC2)CC[C@H]1c1cccc(F)c1F,Non-toxic
CHEMBL2179510,Cc1noc(-c2ccc3c(c2)c2c(n3CCCSc3cc(F)cc(F)c3)CCCC2)n1,Non-toxic
CHEMBL2177609,CC(C)(C)c1c(C(=O)NC2C3CC4CC(C3)CC2C4)cnn1-c1ccc(C(=O)O)cc1,Non-toxic
CHEMBL2206509,Cc1ccc2c(c1)CN(C)C[C@H]2c1ccc(F)cc1,Non-toxic
CHEMBL444116,O=C(O)c1cccc(NC(=O)c2cccc3c2C(=O)c2ccccc2-3)c1,Non-toxic
CHEMBL2204538,COCCOc1nc(-c2ccc(Cl)nc2)nc2c1CN(C(=O)c1ncn3ccccc13)CC2,Non-toxic
CHEMBL2203817,Cn1c(C#N)ccc1-c1ccc(N)cc1,Toxic
CHEMBL2203834,CCS(=O)(=O)Nc1ccc(-c2ccc(C#N)n2C)c(C(F)(F)F)c1,Non-toxic
CHEMBL2203836,CCS(=O)(=O)Nc1cc(F)c(-c2ccc(C#N)n2C)c(F)c1,Non-toxic
CHEMBL2203833,Cn1c(C#N)ccc1-c1ccc(NS(C)(=O)=O)cc1F,Non-toxic
CHEMBL2203821,CCS(=O)(=O)Nc1ccc(-c2ccc(C#N)n2C)cc1,Non-toxic
CHEMBL2204663,CCn1cc2c(Oc3cnc(C(=O)N4CCC4)c(F)c3)cc(C(=O)Nc3cnc(C)cn3)cc2n1,Non-toxic
CHEMBL2207689,COc1cc(-c2nn(C(C)C)cc2-c2ccnc(NC[C@H](C)O)n2)c(C)nc1N,Toxic
CHEMBL2207688,COc1cc(-c2nn(C(C)C)cc2-c2ccnc(NC[C@H](C)O)n2)cnc1N,Non-toxic
CHEMBL2207359,O=C(Nc1ccn2ccnc2n1)N1CCN(Cc2cccc(Oc3ccc(Cl)cc3)c2)CC1,Non-toxic
CHEMBL2207358,O=C(Nc1ccnc2nccn12)N1CCN(Cc2cccc(Oc3ccc(Cl)cc3)c2)CC1,Non-toxic
CHEMBL2207357,O=C(Nc1cc2nccn2cn1)N1CCN(Cc2cccc(Oc3ccc(Cl)cc3)c2)CC1,Non-toxic
CHEMBL2203328,O=C(Nc1cnc2cccnn12)N1CCN(Cc2cccc(Oc3ccc(Cl)cc3)c2)CC1,Non-toxic
CHEMBL2207356,O=C(Nc1cccc2nccn12)N1CCN(Cc2cccc(Oc3ccc(Cl)cc3)c2)CC1,Non-toxic
CHEMBL2207355,O=C(Nc1ccc2nccn2c1)N1CCN(Cc2cccc(Oc3ccc(Cl)cc3)c2)CC1,Non-toxic
CHEMBL2207354,O=C(Nc1ccn2ccnc2c1)N1CCN(Cc2cccc(Oc3ccc(Cl)cc3)c2)CC1,Toxic
CHEMBL2207353,O=C(Nc1cccn2ccnc12)N1CCN(Cc2cccc(Oc3ccc(Cl)cc3)c2)CC1,Non-toxic
CHEMBL2207352,O=C(Nc1cn2ccccc2n1)N1CCN(Cc2cccc(Oc3ccc(Cl)cc3)c2)CC1,Non-toxic
CHEMBL2207351,O=C(Nc1cnc2ccccn12)N1CCN(Cc2cccc(Oc3ccc(Cl)cc3)c2)CC1,Non-toxic
CHEMBL2207350,O=C(Nc1noc2cccnc12)N1CCN(Cc2cccc(Oc3ccc(Cl)cc3)c2)CC1,Non-toxic
CHEMBL2207349,O=C(Nc1noc2ccncc12)N1CCN(Cc2cccc(Oc3ccc(Cl)cc3)c2)CC1,Non-toxic
CHEMBL2207348,O=C(Nc1noc2cnccc12)N1CCN(Cc2cccc(Oc3ccc(Cl)cc3)c2)CC1,Non-toxic
CHEMBL2207347,O=C(Nc1noc2ncccc12)N1CCN(Cc2cccc(Oc3ccc(Cl)cc3)c2)CC1,Non-toxic
CHEMBL2207346,O=C(Nc1noc2ccccc12)N1CCN(Cc2cccc(Oc3ccc(Cl)cc3)c2)CC1,Non-toxic
CHEMBL2207345,O=C(Nc1cnc2cc[nH]c2c1)N1CCN(Cc2cccc(Oc3ccc(Cl)cc3)c2)CC1,Toxic
CHEMBL2207344,O=C(Nc1cnc2[nH]ccc2c1)N1CCN(Cc2cccc(Oc3ccc(Cl)cc3)c2)CC1,Toxic
CHEMBL2207343,O=C(Nc1cncc2ccccc12)N1CCN(Cc2cccc(Oc3ccc(Cl)cc3)c2)CC1,Toxic
CHEMBL2207342,Cc1nc2cc(NC(=O)N3CCN(Cc4cccc(Oc5ccc(Cl)cc5)c4)CC3)ccc2o1,Toxic
CHEMBL2207341,O=C(Nc1cccc2cn[nH]c12)N1CCN(Cc2cccc(Oc3ccc(Cl)cc3)c2)CC1,Toxic
CHEMBL2207340,O=C(Nc1cccc2nsnc12)N1CCN(Cc2cccc(Oc3ccc(Cl)cc3)c2)CC1,Non-toxic
CHEMBL2207366,O=C(Nc1cccc2nonc12)N1CCN(Cc2cccc(Oc3ccc(Cl)cc3)c2)CC1,Toxic
CHEMBL2207365,O=C(Nc1nocc1Cl)N1CCN(Cc2cccc(Oc3ccc(Cl)cc3)c2)CC1,Toxic
CHEMBL2207364,O=C(Nc1ccon1)N1CCN(Cc2cccc(Oc3ccc(Cl)cc3)c2)CC1,Non-toxic
CHEMBL2207363,O=C(Nc1nn[nH]n1)N1CCN(Cc2cccc(Oc3ccc(Cl)cc3)c2)CC1,Non-toxic
CHEMBL2207362,O=C(Nc1cc[nH]n1)N1CCN(Cc2cccc(Oc3ccc(Cl)cc3)c2)CC1,Non-toxic
CHEMBL2164602,O=C(Nc1cccnc1)N1CCN(Cc2cccc(Oc3ccc(Cl)cc3)c2)CC1,Non-toxic
CHEMBL2207361,O=C(Nc1cccnn1)N1CCN(Cc2cccc(Oc3ccc(Cl)cc3)c2)CC1,Non-toxic
CHEMBL2207360,O=C(Nc1cnccn1)N1CCN(Cc2cccc(Oc3ccc(Cl)cc3)c2)CC1,Non-toxic
CHEMBL2164596,O=C(Nc1ccccc1)N1CCN(Cc2cccc(Oc3ccc(Cl)cc3)c2)CC1,Non-toxic
CHEMBL2228155,CN/C(=N/CC1CCOC1)N[N+](=O)[O-],Non-toxic
CHEMBL2287230,CO/C=C(/C(=O)OC)c1ccccc1COc1cc(C(F)(F)F)nc(Nc2cccc(Cl)c2Cl)n1,Non-toxic
CHEMBL2312784,CCCCCCCCCC(CCCCCCCCC)CC(=O)OC[C@H]1O[C@H](O[C@H]2O[C@H](COC(=O)CC(CCCCCCCCC)CCCCCCCCC)[C@@H](O)[C@H](O)[C@H]2O)[C@H](O)[C@@H](O)[C@@H]1O,Non-toxic
CHEMBL2322875,COc1cc(N2CCN(C(=O)Cn3nc(C(F)(F)F)c(Cl)c3C)CC2)ccc1Cl,Non-toxic
CHEMBL2323021,C[C@@H]1CN(c2ccc(F)cc2C(F)(F)F)CCN1S(=O)(=O)c1ccc([C@@](O)(C(N)=O)C(F)(F)F)s1,Non-toxic
CHEMBL2018969,COc1cccc2c1c(NS(=O)(=O)c1ccc(Cl)s1)nn2Cc1cccc(CNC(=O)C(C)(C)O)c1,Non-toxic
CHEMBL2336410,Cc1cc(C[C@@H](NC(=O)N2CCC(N3Cc4ccccc4NC3=O)CC2)C(=O)N2CCC(N3CCCCC3)CC2)cc2cn[nH]c12.Cl,Non-toxic
CHEMBL2338343,CC(C)CCOc1ccc2c(c1)[C@H]1OCCC[C@H]1[C@@H](C1CCOCC1)N2,Non-toxic
CHEMBL2349603,O=C(Nc1cccc(-c2cnco2)c1)N(CCC(c1ccccc1)c1ccccc1)CCN1CCOCC1,Non-toxic
CHEMBL2348361,CCC(O)(/C=C/c1ccc(C(CC)(CC)c2ccc(-c3ccc(CC(=O)O)cn3)c(C)c2)cc1C)CC,Non-toxic
CHEMBL2348780,C[C@@H]1C[C@H]2[C@@H]3CCC4=CC(=O)C=C[C@]4(C)C3=CC[C@]2(C)[C@@]1(O)C(=O)CO,Non-toxic
CHEMBL2377735,O=C(Nc1nc2ccccc2s1)N(CCC(c1ccccc1)c1ccccc1)CCN1CCOCC1,Non-toxic
CHEMBL2380648,CC(C)(C)N1CCN(c2ccc(N3CCN(C(=O)N[C@H]4C5CC6CC4C[C@](C(N)=O)(C6)C5)c4ccccc43)nc2)CC1,Non-toxic
CHEMBL190,Cn1c(=O)c2nc[nH]c2n(C)c1=O,Non-toxic
CHEMBL628,CC(=O)CCCCn1c(=O)c2c(ncn2C)n(C)c1=O,Non-toxic
CHEMBL113,Cn1c(=O)c2c(ncn2C)n(C)c1=O,Non-toxic
CHEMBL3216810,COc1ccc2nc3cc(Cl)ccc3c(NCCCNCCCl)c2c1.Cl.Cl.Cl.Cl,Non-toxic
CHEMBL2386917,Cc1cccc2nc(Cn3cnc4ccccc43)cc(=O)n12,Non-toxic
CHEMBL2387002,CC(C)n1cc(C(=O)c2cccc(NC(=O)Nc3ccc(Cl)cc3)c2)c2c(N)ncnc21,Non-toxic
CHEMBL2403551,Cc1cc(N2CC[C@@H](N3CCC[C@H]3C)C2)ccc1NC(=O)c1cc(F)ccc1C,Non-toxic
CHEMBL2403550,Cc1cc(N2CC[C@H](N3CCC[C@@H]3C)C2)ccc1NC(=O)c1cc(F)ccc1C,Non-toxic
CHEMBL2403549,Cc1cc(N2CC[C@@H](N3CCC[C@@H]3C)C2)ccc1NC(=O)c1cc(F)ccc1C,Non-toxic
CHEMBL2403548,Cc1cc(N2CC[C@H](N3CCC[C@H]3C)C2)ccc1NC(=O)c1cc(F)ccc1C,Non-toxic
CHEMBL2401832,C[C@@H](Oc1c(N)ncc2c(C3=CCN(C(N)=O)CC3)coc12)c1c(Cl)ccc(F)c1Cl,Non-toxic
CHEMBL2409707,C[C@]1(CS(=O)(=O)N2CCC(Oc3ccc(OC(F)(F)C(F)F)cc3)CC2)NC(=O)NC1=O,Non-toxic
CHEMBL2409518,COCC[C@H]1C[C@@H]1c1cncc(OC[C@@H]2CCCN2C)c1.O=C(O)C(O)C(O)C(=O)O,Non-toxic
CHEMBL2409627,COCC[C@H]1C[C@@H]1c1cncc(OC[C@@H]2CCCN2C)c1.O=C(O)C(F)(F)F,Non-toxic
CHEMBL2414670,Cc1noc(C[C@H]2CC[C@H](c3ccc(N4CCOc5ncnc(N)c5C4=O)cc3)CC2)n1,Non-toxic
CHEMBL2413117,CCOC(=O)c1c(C(F)(F)F)[n+]([O-])c2ccc(C(F)(F)F)cc2[n+]1[O-],Non-toxic
CHEMBL2415076,CCOC(=O)c1c(C(F)(F)F)[n+]([O-])c2cc(C)c(C)cc2[n+]1[O-],Toxic
CHEMBL2415069,COC(=O)c1c(C(F)(F)F)[n+]([O-])c2cc(Cl)c(Cl)cc2[n+]1[O-],Non-toxic
CHEMBL2415068,COC(=O)c1c(C(F)(F)F)[n+]([O-])c2ccc(Cl)cc2[n+]1[O-],Toxic
CHEMBL2415067,COC(=O)c1c(C(F)(F)F)[n+]([O-])c2cc(C)c(C)cc2[n+]1[O-],Toxic
CHEMBL2415075,CCOC(=O)c1c(C(F)(F)F)[n+]([O-])c2ccc(C)cc2[n+]1[O-],Toxic
CHEMBL2415074,CCOC(=O)c1c(C(F)(F)F)[n+]([O-])c2ccc(OC)cc2[n+]1[O-],Toxic
CHEMBL2415070,COC(=O)c1c(C(F)(F)F)[n+]([O-])c2ccc(F)cc2[n+]1[O-],Toxic
CHEMBL2415065,COC(=O)c1c(C(F)(F)F)[n+]([O-])c2ccc(OC)cc2[n+]1[O-],Toxic
CHEMBL2413116,CCOC(=O)c1c(C(F)(F)F)[n+]([O-])c2cc(F)c(F)cc2[n+]1[O-],Toxic
CHEMBL2415079,CCOC(=O)c1c(C(F)(F)F)[n+]([O-])c2ccc(F)cc2[n+]1[O-],Toxic
CHEMBL2415078,CCOC(=O)c1c(C(F)(F)F)[n+]([O-])c2cc(Cl)c(Cl)cc2[n+]1[O-],Non-toxic
CHEMBL2415077,CCOC(=O)c1c(C(F)(F)F)[n+]([O-])c2ccc(Cl)cc2[n+]1[O-],Toxic
CHEMBL2415073,CCOC(=O)c1c(C(F)(F)F)[n+]([O-])c2ccccc2[n+]1[O-],Toxic
CHEMBL2415072,COC(=O)c1c(C(F)(F)F)[n+]([O-])c2ccc(C(F)(F)F)cc2[n+]1[O-],Non-toxic
CHEMBL2415071,COC(=O)c1c(C(F)(F)F)[n+]([O-])c2cc(F)c(F)cc2[n+]1[O-],Toxic
CHEMBL2415066,COC(=O)c1c(C(F)(F)F)[n+]([O-])c2ccc(C)cc2[n+]1[O-],Toxic
CHEMBL2415064,COC(=O)c1c(C(F)(F)F)[n+]([O-])c2ccccc2[n+]1[O-],Toxic
CHEMBL2419044,Cc1ccccc1N1CC(C)(C)N([C@H]2CNC[C@@H](C(=O)N[C@H](CC(C)C)c3ccc(F)cn3)C2)CC1=O.O=C(O)/C=C/C(=O)O,Non-toxic
CHEMBL2425614,CC(C)(C)c1cccc(CN[C@H]2C[S@+]([O-])C[C@@H](Cc3cc(O)c(N)c(F)c3)[C@@H]2O)c1,Non-toxic
CHEMBL1232461,CCNC(=O)C[C@@H]1N=C(c2ccc(Cl)cc2)c2cc(OC)ccc2-n2c(C)nnc21,Non-toxic
CHEMBL2441575,Nc1nc(C(=O)N2N=C3CCCC[C@@H]3[C@@]2(O)C(F)(F)F)cs1,Non-toxic
CHEMBL2441636,Cc1cc(N2CC[C@H](N3CCC[C@@H]3C)C2)ccc1NC(=O)C1CCOCC1,Non-toxic
CHEMBL3086078,Cc1c(Cc2cccc(NS(N)(=O)=O)c2F)c(=O)oc2cc(OC(=O)N(C)C)c(F)cc12,Non-toxic
CHEMBL3092130,Nc1c(-c2ccccc2)nn(-c2nc(C(=O)O)cs2)c1-c1ccccc1,Non-toxic
CHEMBL2442495,Cc1c(-c2ccccc2)nn(-c2nc(C(=O)O)cs2)c1-c1ccccc1,Non-toxic
CHEMBL3092360,Cc1nc(N)sc1-c1nc(N2CCCC(O)C2)no1,Non-toxic
CHEMBL2204791,CC(=O)Nc1nc(C)c(-c2cnc(C(C)(C)C)o2)s1,Non-toxic
CHEMBL3092376,CC(=O)Nc1nc(C)c(-c2nc(N3CCCC(O)C3)no2)s1,Non-toxic
CHEMBL3092366,Cc1nc(N)sc1-c1nc(C(C)(C)C)no1,Non-toxic
CHEMBL3092364,Cc1nc(N)sc1-c1cnc(C(C)(C)C)o1,Toxic
CHEMBL3092365,CC(=O)Nc1nc(C)c(-c2nc(C(C)(C)C)no2)s1,Non-toxic
CHEMBL530733,OC(CNC1CCCCC1)Cn1c2ccc(Br)cc2c2cc(Br)ccc21,Non-toxic
CHEMBL3110076,CCOc1ccc(N2CCN(c3noc(C4(NC(C)=O)CCC4)n3)[C@@H](C)C2)c(C)c1,Non-toxic
CHEMBL3112941,O=C(Nc1ccc(-n2nccn2)nc1)N1CC2(CCN(Cc3cccc(Oc4ccc(Cl)cc4)c3)CC2)C1,Toxic
CHEMBL3112939,O=C(Nc1ccc(-n2nccn2)nc1)N1CCC2(CC1)CN(Cc1cccc(Oc3ccc(Cl)cc3)c1)C2,Toxic
CHEMBL2403888,C=C[C@@H]1C[C@]1(NC(=O)[C@@H]1C[C@@H](Oc2nccc3cc(OC)ccc23)CN1C(=O)[C@@H](NC(=O)OC(C)(C)C)C(C)(C)C)C(=O)NS(=O)(=O)C1CC1,Non-toxic
CHEMBL3125013,CN(C)CCOC(=O)c1c(-c2ccc[nH]c2=O)c2c3occc3c(F)cc2n1Cc1cc2c(=O)[nH]cnc2cc1F.Cl,Non-toxic
CHEMBL3125026,O=C(O)c1c(-c2ccc[nH]c2=O)c2c3occc3c(F)cc2n1Cc1cc2c(=O)[nH]cnc2cc1F,Non-toxic
CHEMBL2147578,Nc1ccc(/C=C/c2ccc(NC(=O)[C@@H]3CCCN3C(=O)Cc3ccccc3)cc2)cc1,Toxic
CHEMBL1672955,O=C(Nc1ccc(/C=C/c2ccc(NC(=O)[C@@H]3CCCN3C(=O)Cc3ccccc3)cc2)cc1)[C@@H]1CCCN1C(=O)Cc1ccccc1,Non-toxic
CHEMBL3127174,CC1CCN(c2nn(-c3nc(C(=O)O)cs3)c3ccccc23)CC1,Toxic
CHEMBL3127173,O=C(O)c1csc(-n2nc(N3CCCCC3)c3ccccc32)n1,Toxic
CHEMBL3127163,O=C(O)c1csc(-n2nc(-c3ccccc3)c3ccc(C(F)(F)F)cc32)n1,Non-toxic
CHEMBL3127106,CN1C(=O)[C@]2(N=C1N)c1cc(-c3cccnc3F)ccc1O[C@H]1CCOC[C@@H]12,Non-toxic
CHEMBL3126382,CC(=O)O.O=S(=O)(c1cccc(CCCCOCCCCCCNC[C@H](O)c2ccc(O)c(CO)c2)c1)C1CCCC1,Non-toxic
CHEMBL3126380,O=S(=O)(O)c1ccc(-c2ccccc2)cc1.O=S(=O)(c1cccc(CCCCOCCCCCCNC[C@H](O)c2ccc(O)c(CO)c2)c1)C1CCCC1,Non-toxic
CHEMBL3124968,CC(C)N1CCN(C(=O)[C@H]2CC23CCN(C2CCOCC2)CC3)CC1,Non-toxic
CHEMBL3219111,Cn1ccc(N)n1,Toxic
CHEMBL3219112,CCn1ccc(N)n1,Toxic
CHEMBL3219113,CC(C)n1ccc(N)n1,Toxic
CHEMBL3217770,Nc1cc[nH]n1,Non-toxic
CHEMBL344760,Nc1nccs1,Non-toxic
CHEMBL47803,Cc1nsc(N)n1,Non-toxic
CHEMBL3219114,Cc1cnc(N)cn1,Non-toxic
CHEMBL3221637,CC(C)N1CCC(Oc2ccc(C3(C(N)=O)CCOCC3)cc2)CC1,Non-toxic
CHEMBL3222257,Nc1ncnc2c1C(=O)N(c1ccc(-c3ccccc3Cl)c(F)c1)CCO2,Non-toxic
CHEMBL3222259,Nc1ncnc2c1C(=O)N(c1ccc(-c3c(F)cccc3F)c(F)c1)CCO2,Non-toxic
CHEMBL3222262,Nc1ncnc2c1C(=O)N(c1ccc(-c3ccccc3F)cc1)CCO2,Toxic
CHEMBL3219042,CS(=O)(=O)Nc1cc([C@@H](O)CNCCCCCCCCCN2CCC(OC(=O)Nc3ccccc3-c3ccc(O)c(Cl)c3)CC2)ccc1O,Non-toxic
CHEMBL3220543,CSc1nc(N2C[C@H]3[C@@H](C2)[C@@H]3C(=O)O)ccc1C(=O)NC12CC3CC(CC(C3)C1)C2,Non-toxic
CHEMBL1797269,Cc1cc2ccccc2c2ccc3ccccc3c12,Toxic
CHEMBL3230486,Cc1cc2ccccc2c2c(C)cc3ccccc3c12,Toxic
CHEMBL3230487,OCc1cc2ccccc2c2ccc3ccccc3c12,Non-toxic
CHEMBL3230488,CC(=O)OCc1cc2ccccc2c2ccc3ccccc3c12,Non-toxic
CHEMBL3230489,COC(=O)c1cc2ccccc2c2ccc3ccccc3c12,Non-toxic
CHEMBL3230490,OCc1cc2ccccc2c2ccc3c(c12)CCCC3,Non-toxic
CHEMBL3230491,COC(=O)c1cc2ccccc2c2ccc3c(c12)CCCC3,Non-toxic
CHEMBL3230493,Cc1cc2ccccc2c2ccc3c(c12)C=CC(O)C3O,Toxic
CHEMBL3230492,O=c1oc2cccc3ccc4c5ccccc5cc1c4c32,Non-toxic
CHEMBL1563,COc1cccc2c1C(=O)c1c(O)c3c(c(O)c1C2=O)C[C@@](O)(C(C)=O)C[C@@H]3O[C@H]1C[C@H](N)[C@H](O)[C@H](C)O1.Cl,Toxic
CHEMBL3230539,COc1cccc2c1C(=N)c1c(O)c3c(c(O)c1C2=O)C[C@@](O)(C(C)=O)C[C@@H]3O[C@H]1C[C@H](N)[C@H](O)[C@H](C)O1.Cl,Non-toxic
CHEMBL3235164,COCCOCn1ccc(NC(=O)c2cc(Oc3ccc(S(C)(=O)=O)cc3)cc(-c3ncccc3C)c2)n1,Non-toxic
CHEMBL3236549,CC(C)c1cc(N2CC[C@@H](N)C2)nc(N)n1,Non-toxic
CHEMBL2105762,CS(=O)(=O)n1cc2c(n1)CN([C@H]1CO[C@H](c3cc(F)ccc3F)[C@@H](N)C1)C2,Non-toxic
CHEMBL3249391,CCN(CC)/C(C)=N/c1ccc2c(c1)C(=O)c1ccc(/N=C(\C)N(CC)CC)cc1C2=O,Non-toxic
CHEMBL3249395,C/C(=N\c1ccc2c(c1)C(=O)c1ccc(/N=C(\C)N(C)C)cc1C2=O)N(C)C,Non-toxic
CHEMBL3249782,CN(C)/C(=N/c1ccc2c(c1)C(=O)c1ccc(/N=C(\c3ccc(Cl)cc3)N(C)C)cc1C2=O)c1ccc(Cl)cc1,Non-toxic
CHEMBL3249785,CN(C)/C(=N/c1ccc2c(c1)C(=O)c1ccc(/N=C(\C3CCC3)N(C)C)cc1C2=O)C1CCC1,Non-toxic
CHEMBL3249788,CN(C)/C(=N/c1ccc2c(c1)C(=O)c1ccc(/N=C(\C3CC3)N(C)C)cc1C2=O)C1CC1,Non-toxic
CHEMBL3245361,CC(=O)/C=C(\c1ccccc1)c1c(O)c2ccccc2oc1=O,Non-toxic
CHEMBL93385,O=[N+]([O-])c1ccc(Nc2ccc(N=C=S)cc2)cc1,Non-toxic
CHEMBL3248479,O=C=Nc1ccc(Nc2ccc([N+](=O)[O-])cc2)cc1,Toxic
CHEMBL3248451,O=C(O)[C@@H]1CCCN1[N+](=O)[O-],Non-toxic
CHEMBL3248493,O=C(O)C1CCCCN1[N+](=O)[O-],Non-toxic
CHEMBL3248494,CN(CC(=O)O)[N+](=O)[O-],Toxic
CHEMBL3247990,COc1cccc2c1C(=O)c1c(O)c3c(c(O)c1C2=O)C[C@@](O)(C(C)=O)C[C@@H]3O[C@H]1C[C@H](N(C)C)[C@H](O)[C@H](C)O1.Cl,Non-toxic
CHEMBL3247991,COc1cccc2c1C(=O)c1c(O)c3c(c(O)c1C2=O)C[C@@](O)(C(=O)CO)C[C@@H]3O[C@H]1C[C@H](N(C)C)[C@H](O)[C@H](C)O1.Cl,Non-toxic
CHEMBL3247995,COc1cccc2c1C(=O)c1c(O)c3c(c(O)c1C2=O)C[C@@](O)(C(=O)CO)C[C@@H]3O[C@H]1C[C@H](N2CCCCC2)[C@H](O)[C@H](C)O1.Cl,Non-toxic
CHEMBL3247999,COc1cccc2c1C(=O)c1c(O)c3c(c(O)c1C2=O)C[C@@](O)(C(C)=O)C[C@@H]3O[C@H]1C[C@H](NCc2ccccc2)[C@H](O)[C@H](C)O1.Cl,Non-toxic
CHEMBL3248001,COc1cccc2c1C(=O)c1c(O)c3c(c(O)c1C2=O)C[C@@](O)(C(C)=O)C[C@@H]3O[C@H]1C[C@H](N(Cc2ccccc2)Cc2ccccc2)[C@H](O)[C@H](C)O1.Cl,Non-toxic
CHEMBL3248002,COc1cccc2c1C(=O)c1c(O)c3c(c(O)c1C2=O)C[C@@](O)(C(C)O)C[C@@H]3O[C@H]1C[C@H](N(Cc2ccccc2)Cc2ccccc2)[C@H](O)[C@H](C)O1.Cl,Non-toxic
CHEMBL596282,C=CCNC(=S)N/N=C/C=C/c1ccc([N+](=O)[O-])s1,Toxic
CHEMBL3260051,C=CCN1C(=O)CS/C1=N\N=C\C=C\c1cccs1,Toxic
CHEMBL596283,C=CCNC(=S)N/N=C/C=C/c1cccs1,Non-toxic
CHEMBL3260111,C=CCn1c(-c2ccc(OC)cc2)cs/c1=N\N=C\C=C\c1ccco1,Non-toxic
CHEMBL3260113,Br.C=CCn1c(-c2ccc(Br)cc2)cs/c1=N\N=C\C=C\c1ccco1,Non-toxic
CHEMBL3260114,Br.C=CCn1c(-c2ccc([N+](=O)[O-])cc2)cs/c1=N\N=C\C=C\c1ccco1,Toxic
CHEMBL3260044,C=CCNC(=S)N/N=C/C=C/C=C/c1cccs1,Non-toxic
CHEMBL3260048,C=CCN1C(=O)CS/C1=N\N=C\C=C\c1ccc([N+](=O)[O-])s1,Non-toxic
CHEMBL3350350,C=CCn1c(C)csc1=N/N=C/c1ccc([N+](=O)[O-])s1,Non-toxic
CHEMBL3260054,C=CCn1c(C)cs/c1=N\N=C\c1ccc([N+](=O)[O-])s1,Non-toxic
CHEMBL3260076,CC(=O)N(C1=NN(C(C)=O)C(c2ccc([N+](=O)[O-])s2)S1)c1ccccc1,Non-toxic
CHEMBL3260056,C=CCn1c(C)cs/c1=N\N=C\C=C\c1cccs1,Non-toxic
CHEMBL3260067,C=CCn1c(-c2ccc([N+](=O)[O-])cc2)cs/c1=N\N=C\C=C\c1ccc([N+](=O)[O-])s1,Toxic
CHEMBL3260110,C=CCn1c(-c2ccc(N)cc2)cs/c1=N\N=C\C=C\c1ccco1,Non-toxic
CHEMBL3260073,Br.C=CCn1c(-c2ccc(Cl)cc2)cs/c1=N\N=C\C=C\C=C\c1cccs1,Non-toxic
CHEMBL3260079,C=CCNc1nnc(-c2ccc([N+](=O)[O-])s2)s1,Non-toxic
CHEMBL3260096,C=CCn1c(C)cs/c1=N/N=C/C=C/c1ccco1,Non-toxic
CHEMBL3260097,Br.C=CCn1c(-c2ccccc2)cs/c1=N\N=C\C=C\c1ccco1.O,Non-toxic
CHEMBL3260112,Br.C=CCn1c(-c2ccc(Cl)cc2)cs/c1=N\N=C\C=C\c1ccco1.O,Non-toxic
CHEMBL3260115,Br.C=CCn1c(-c2ccc3ccccc3c2)cs/c1=N\N=C\C=C\c1ccco1,Non-toxic
CHEMBL3259928,COc1cc(C(F)(F)F)cc(SC)c1C(=O)N[C@@]1(c2ccccc2)CCCN(C)C1,Non-toxic
CHEMBL3262028,COCCn1cc(-c2c(C)nc3c(N4CCOCC4)nccn23)cn1,Non-toxic
CHEMBL3277794,CC(C)CCCCCCCCCCCCC(=O)NCC(=O)N[C@H]1[C@H](CO)O[C@H](Nc2ncnc3[nH]cnc23)[C@@H](O)[C@@H]1O,Non-toxic
CHEMBL3277798,CCCCCCCCCCCC(=O)NCC(=O)N[C@H]1[C@H](CO)O[C@H](Nc2ncnc3[nH]cnc23)[C@@H](O)[C@@H]1O,Non-toxic
CHEMBL3277800,CCCCCC(=O)NCC(=O)N[C@H]1[C@H](C)O[C@H](Nc2ncnc3[nH]cnc23)[C@@H](O)[C@@H]1O,Non-toxic
CHEMBL3277805,CC(C)CCCCCCCCCCCCC(=O)N[C@H]1[C@H](C)O[C@H](Nc2ncnc3[nH]cnc23)[C@@H](O)[C@@H]1O,Non-toxic
CHEMBL1200398,Clc1ccc(CCC(Cn2ccnc2)Sc2c(Cl)cccc2Cl)cc1.O=[N+]([O-])O,Non-toxic
CHEMBL79,CCN(CC)CC(=O)Nc1c(C)cccc1C,Non-toxic
CHEMBL1028,CCNCC(=O)Nc1c(C)cccc1C,Non-toxic
CHEMBL3278063,CCN(CC)CC(=O)N(O)c1c(C)cccc1C,Non-toxic
CHEMBL3278064,CCNCC(=O)N(O)c1c(C)cccc1C,Non-toxic
CHEMBL1340793,Cc1cccc(C)c1N,Non-toxic
CHEMBL3278068,Cc1cccc(C)c1NO,Non-toxic
CHEMBL2031678,C[C@]1(O)[C@H](c2ccc3c(N)ncnn23)O[C@H](CO)[C@H]1O,Non-toxic
CHEMBL3354553,CC(C)(C)c1cc(NC(=O)[C@@H]2CCCCN2C(=O)N2CCS(=O)(=O)CC2)no1,Non-toxic
CHEMBL3354952,CC(C)(CO)NC(=O)c1nn(-c2ccc(F)cc2F)c2c1C[C@H]1C[C@@H]21,Non-toxic
CHEMBL3358920,O=C(O)C[C@H]1CCc2c1[nH]c1ccc(OCc3ccc(C4CCCC4)c(C(F)(F)F)c3)cc21,Non-toxic
CHEMBL3325809,CCCC(=O)c1cnn(-c2ccc(N)cc2)c1C,Toxic
CHEMBL3325810,CCCC(=O)c1cnn(-c2ccc(N)nn2)c1C,Non-toxic
CHEMBL3325811,CCCC(=O)c1cnn(-c2ccc(N)nc2)c1C,Non-toxic
CHEMBL3325812,CCCC(=O)c1cnn(-c2ccc(N)cn2)c1C,Non-toxic
CHEMBL3325813,CCCC(=O)c1cnn(-c2cnc(N)cn2)c1C,Non-toxic
CHEMBL3325814,CCCC(=O)c1cnn(-c2cnc(N)s2)c1C,Non-toxic
CHEMBL3325815,CCCC(=O)c1cnn([C@H]2CC[C@H](N)CC2)c1C,Non-toxic
CHEMBL3325816,CCCC(=O)c1cnn(C2CCN(N)CC2)c1C,Non-toxic
CHEMBL3325817,CCCC(=O)c1cnn(-c2ccc(O)cc2)c1C,Non-toxic
CHEMBL3325818,CCCC(=O)c1cnn(-c2ccc(N)c(C#N)c2)c1C,Non-toxic
CHEMBL3325819,CCCC(=O)c1cnn(-c2ccc(N)c(C(=O)O)c2)c1C,Non-toxic
CHEMBL3325453,CCCC(=O)c1cnn(-c2ccc(N)c(Cl)c2)c1C,Non-toxic
CHEMBL3325889,CCCC(=O)c1cnn(-c2ccc(N)c(C(N)=O)c2)c1C,Non-toxic
CHEMBL3325890,CCCC(=O)c1cnn(-c2ccc3c(c2)OCCN3)c1C,Non-toxic
CHEMBL3325900,CCCC(=O)c1cnn(-c2ccc(N)c(C(=O)N(C)C)c2)c1C,Non-toxic
CHEMBL3337527,CCCCn1ccc(N2CCC(c3ccccc3)CC2)c(Cl)c1=O,Non-toxic
CHEMBL3321835,CN(c1ncnc2c(-c3ccc(S(C)(=O)=O)cc3F)csc12)C1CCN(C(=O)OC(C)(C)C)CC1,Non-toxic
CHEMBL3323181,CN1Cc2cc(N3CCOCC3)ccc2[C@@H](c2ccc3sccc3c2)C1,Non-toxic
CHEMBL3318957,CCOC[C@@H](CC(C)C)NC(=O)[C@@H]1CNC[C@H](C(=O)N(c2ccc(C(C)C)cn2)C2CC2)[C@@H]1O,Non-toxic
CHEMBL3341815,COC(=O)N[C@H](C(=O)N1CCC[C@@H]1c1ncc(C#CC#Cc2ccc(-c3cnc([C@H]4CCCN4C(=O)[C@@H](NC(=O)OC)C(C)C)[nH]3)cc2)[nH]1)C(C)C.Cl,Non-toxic
CHEMBL3358006,C[C@@H]1CN(c2nc(C(F)(F)F)no2)CCN1c1ncc(OCc2ccc(CS(C)(=O)=O)cc2F)cn1,Non-toxic
CHEMBL3355225,CCOc1cc(NC(=O)C2(NC(=O)c3ccc4c(C5CCCC5)c(-c5ncc(Cl)cn5)n(C)c4c3)CCC2)ccc1/C=C/C(=O)O,Non-toxic
CHEMBL3330442,O=C(NC[C@@H]1OC(=O)N2c3ccc(N4CCOCC4=O)cc3OC[C@@H]12)c1ccc(Cl)s1,Non-toxic
CHEMBL3329696,Cc1cc(N2CCC[C@@H](N)C2)c2c(n1)n(C)c(=O)n2Cc1ccccc1C#N,Non-toxic
CHEMBL3337695,COc1cccc(S(=O)(=O)N2CCCc3cc(Cc4cccnc4)ccc32)c1,Non-toxic
CHEMBL3393498,CCOC(=O)c1[nH]cc2c1NC1=C(C(=O)CCC1)[C@H]2c1cccc(Oc2nc3ccccc3[nH]2)c1,Non-toxic
CHEMBL3400955,CCOc1nc(N)ccc1/C=C/C(=O)O,Non-toxic
CHEMBL3400956,CCOc1nc(N)cnc1/C=C/C(=O)O,Non-toxic
CHEMBL3301626,Cc1nc(C#Cc2ccnc(Cl)c2)c(C)n1-c1ccc(F)cc1,Non-toxic
CHEMBL3410207,C(#Cc1ncn2c1COc1ccccc1-2)c1ccccc1,Non-toxic
CHEMBL3416994,CCN(CCCl)CCCNc1c2ccc(Cl)cc2nc2ccc(OC)cc12,Toxic
CHEMBL3416951,Cc1ccc(-c2cc3nc(NC(C)(C)C)[nH]c(=O)c3s2)cc1,Non-toxic
CHEMBL3416958,Cc1ccc(-c2cc3nc(NC(C)C)[nH]c(=O)c3s2)cc1,Non-toxic
CHEMBL3416970,CC(C)(C)Nc1nc2cc(-c3ccc(Cl)cc3)sc2c(=O)[nH]1,Non-toxic
CHEMBL31184,c1ccc2c(c1)cc1ccc3cccc4ccc2c1c34,Toxic
CHEMBL3415600,Cc1cc(C)n2c(=O)c3ncc(N[C@@H]4CCCC[C@@H]4N)cc3nc2c1,Non-toxic
CHEMBL3415601,Cc1cc(C)nc(Nc2cc(N)cnc2C(N)=O)c1,Non-toxic
CHEMBL3415602,Cc1cc(C)nc(Nc2cc(NC(C)c3ncc[nH]3)cnc2C(N)=O)c1,Toxic
CHEMBL3415603,Cc1cc(C)nc(Nc2cc(N[C@@H]3CCCC[C@@H]3O)cnc2C(N)=O)c1,Non-toxic
CHEMBL3415599,COc1cc(C)nc(Nc2cc(N[C@@H]3CS(=O)(=O)CC[C@@H]3N)cnc2C(N)=O)c1,Toxic
CHEMBL3415604,Cc1cc(CCC(C)(C)O)cc(Nc2cc(N[C@@H]3CCCC[C@@H]3N)cnc2C(N)=O)n1,Non-toxic
CHEMBL3415605,Cc1cc(Nc2cc(N[C@@H]3CS(=O)(=O)CC[C@@H]3N)cnc2C(N)=O)nc(C)c1-c1cnn(C)c1,Non-toxic
CHEMBL3415609,NC(=O)c1ncc(N[C@@H]2CS(=O)(=O)CC[C@@H]2N)nc1-c1cc2ccccc2[nH]1,Non-toxic
CHEMBL3415606,NC(=O)c1ncc(N[C@@H]2CCCC[C@@H]2N)cc1Nc1cccc(-n2nccn2)n1,Toxic
CHEMBL3415607,CC(C)c1cccc(Nc2cc(N[C@@H]3CS(=O)(=O)CC[C@@H]3N)cnc2C(N)=O)n1,Toxic
CHEMBL3586032,CC(=O)N1[C@@H]2C=C(c3cnc(NCc4ccc5c(c4)OCC5)c(C(=O)NC[C@H]4COc5ccccc5O4)c3)C[C@H]1CC2,Non-toxic
CHEMBL3601377,COc1ccc(COc2cnn(CC(=O)c3ccc(CN(C)C)cc3C)c(=O)c2)nc1,Non-toxic
CHEMBL3603923,N#Cc1cc(Cl)cc(-c2cc(-c3ccc(F)cn3)ncn2)c1,Non-toxic
CHEMBL3608680,Cc1nsc(-c2nnc3n2CCN(C(=O)c2ccc(F)cc2)[C@@H]3C)n1,Non-toxic
CHEMBL3613921,O=c1[nH]c(=O)n(Cc2cccc3ccccc23)nc1O,Non-toxic
CHEMBL3622203,C[C@@H](Oc1nc(-c2cnn(C(F)F)c2)cc2ncsc12)[C@H]1CNC(=O)O1,Non-toxic
CHEMBL3622956,Cc1nn(-c2ccnc(Nc3ccc4c(c3)c(Cl)c(C)n4C)n2)cc1CN1CC(O)C1,Non-toxic
CHEMBL3622957,Cc1nn(-c2ccnc(Nc3ccc4c(c3)c(Cl)c(C)n4C)n2)cc1CN1CC[C@@H](O)C1,Non-toxic
CHEMBL3622958,Cc1nn(-c2ccnc(Nc3ccc4c(c3)c(C)c(C)n4C)n2)cc1CN1CC(O)C1,Non-toxic
CHEMBL3545215,CCn1c(C(=O)N(C2CC2)C2CC2)cc2c3c(ncn3C)c(Nc3cc(C)n(C)n3)nc21,Non-toxic
CHEMBL3629360,O=c1ccc2c([C@@H](O)CNCCc3ccc(CCN4CCC(Cn5cnc([C@](O)(c6ccccc6)C6CCCCC6)n5)CC4)cc3)ccc(O)c2[nH]1,Non-toxic
CHEMBL27,CC(C)NCC(O)COc1cccc2ccccc12,Non-toxic
CHEMBL3736433,CB1C=Cc2cccc(OCC(O)CN(C)C)c2N1,Non-toxic
CHEMBL3736156,CB1C=Cc2c(cccc2OCC(O)CN(C)C)N1,Non-toxic
CHEMBL3740099,COc1cc(N2C(=O)N(Cc3c(F)cc(F)cc3F)c3ncccc3S2(=O)=O)cnc1OC,Non-toxic
CHEMBL3740684,Cc1cc(F)c(-c2ccnn(C)c2=O)cc1NC(=O)C1=CN(C)C(=O)C[C@H]1c1ccc(F)cc1,Non-toxic
CHEMBL3741076,CN1C=C(C(=O)Nc2cc(-c3ccn[nH]c3=O)ccc2F)[C@H](c2ccc(F)cc2)CC1=O,Non-toxic
CHEMBL3739741,COC[C@H](O)Cn1c(=O)cnn(-c2ccc(C)c(NC(=O)C3=CN(C)C(=O)C[C@H]3c3ccc(F)cc3)c2)c1=O,Non-toxic
CHEMBL3741681,Cc1ccc(-n2ccccc2=O)cc1NC(=O)C1=CN(C)C(=O)N[C@H]1c1ccc(F)cc1,Non-toxic
CHEMBL3739648,Cc1ccc(-c2ccnn(C)c2=O)cc1NC(=O)C1=CN(C)C(=O)C[C@H]1c1ccc(F)cc1,Toxic
CHEMBL3740130,Cc1ccc(-c2ccn[nH]c2=O)cc1NC(=O)C1=CN(C)C(=O)C[C@H]1c1ccc(F)cc1,Toxic
CHEMBL3740645,Cc1ccc(-c2ccnn(CCO)c2=O)cc1NC(=O)C1=CN(C)C(=O)C[C@H]1c1ccc(F)cc1,Non-toxic
CHEMBL3740255,Cc1ccc(-n2ncccc2=O)cc1NC(=O)C1=CN(C)C(=O)C[C@H]1c1ccc(F)cc1,Non-toxic
CHEMBL3740047,Cc1cc(Cl)c(OCCO)cc1N,Toxic
CHEMBL3741206,COCCN1CCN(C(=O)c2sc3c([N+](=O)[O-])cc(C(F)(F)F)cc3[n+]2[O-])CC1,Toxic
CHEMBL3742347,O=C(c1sc2c([N+](=O)[O-])cc(C(F)(F)F)cc2[n+]1[O-])N1CCCCC1,Toxic
CHEMBL3742294,O=[N+]([O-])c1cc(C(F)(F)F)cc2c1sc(C1=NCCO1)[n+]2[O-],Toxic
CHEMBL3742122,COCCN1CCN(C(=O)c2nc3cc(C(F)(F)F)cc([N+](=O)[O-])c3s2)CC1,Toxic
CHEMBL3739934,O=C(c1nc2cc(C(F)(F)F)cc([N+](=O)[O-])c2s1)N1CCCCC1,Toxic
CHEMBL3741545,COCCN1CCN(C(=O)c2nc3cc(C(F)(F)F)c(C)c([N+](=O)[O-])c3s2)CC1,Non-toxic
CHEMBL3739479,Cc1c(C(F)(F)F)cc2nc(C(=O)N3CCCCC3)sc2c1[N+](=O)[O-],Non-toxic
CHEMBL3741929,O=[N+]([O-])c1cc(C(F)(F)F)cc2nc(C3=NCCO3)sc12,Toxic
CHEMBL3741511,Cc1c(C(F)(F)F)cc2nc(C3=NCCO3)sc2c1[N+](=O)[O-],Non-toxic
CHEMBL3739863,O=C([C@@H]1COC(c2nc3cc(C(F)(F)F)cc([N+](=O)[O-])c3s2)=N1)N1CCCC1,Toxic
CHEMBL3739831,Cc1c(C(F)(F)F)cc2nc(C3=N[C@H](C(=O)N4CCCC4)CO3)sc2c1[N+](=O)[O-],Non-toxic
CHEMBL3739940,COCc1nc2cc(C(F)(F)F)cc([N+](=O)[O-])c2s1,Non-toxic
CHEMBL3741589,O=C(O)C1CN(Cc2ccc(OCc3ccc(Cl)c(Cl)c3)cc2)C1,Non-toxic
CHEMBL3695713,Cn1cc(CNc2cc(OC[C@H]3C[C@@H]3c3ccccn3)nc3ccnn23)cn1,Non-toxic
CHEMBL3746293,Cc1c(-c2cc(Nc3cc4n(n3)CCN(C)C4)c(=O)[nH]n2)ccc(F)c1NC(=O)c1cc2ccccc2s1,Non-toxic
CHEMBL3746457,O=C1c2cc(COc3ccccc3)nn2CCN1c1ccc(F)cn1,Toxic
CHEMBL3754515,Nc1ccc(-c2cnc(N)c(-c3ccc(Cl)cc3)c2)cn1,Toxic
CHEMBL3754123,Nc1ncc(-c2cnc(N)c(-c3ccc(Cl)cc3)c2)cn1,Non-toxic
CHEMBL3753839,O=S1(=O)CCCN1CC(O)Cn1c2ccccc2c2ccccc21,Non-toxic
CHEMBL3758349,CC(CCNCC12CC3CC(CC(C3)C1)C2)Nc1ccnc2cc(Cl)ccc12,Non-toxic
CHEMBL3763201,O=C(Cc1ccc(F)c(Cl)c1)Nc1cnc(C(=O)NO)c(O)c1CO,Non-toxic
CHEMBL3137320,Cn1ncnc1[C@H]1c2n[nH]c(=O)c3cc(F)cc(c23)N[C@@H]1c1ccc(F)cc1,Non-toxic
CHEMBL3769933,Cc1c2c(nn1-c1nnc(-c3ccc(OC(C)C)c(Cl)c3)s1)CCN(CCC(=O)O)C2,Non-toxic
CHEMBL3774937,O=C(/C=C/c1c(-c2ccccc2)no[n+]1[O-])c1ccc2ccccc2c1,Non-toxic
CHEMBL3775702,O=C(/C=C/c1ccc2c(c1)no[n+]2[O-])c1ccccc1,Toxic
CHEMBL3775822,O=C(/C=C/c1c(-c2ccccc2)no[n+]1[O-])c1ccccc1,Non-toxic
CHEMBL3774816,Cc1c(/C=C/C(=O)c2ccccc2)no[n+]1[O-],Non-toxic
CHEMBL3775744,O=C(/C=C/c1c(-c2ccccc2)no[n+]1[O-])c1ccccc1O,Non-toxic
CHEMBL3775079,Cc1c(/C=C/C(=O)c2ccc3ccccc3c2)no[n+]1[O-],Non-toxic
CHEMBL3775186,O=C(/C=C/c1ccc2c(c1)no[n+]2[O-])c1ccccc1O,Non-toxic
CHEMBL3775597,Cc1c(/C=C/C(=O)c2ccccc2O)no[n+]1[O-],Non-toxic
CHEMBL3684869,CC[C@@H](C[C@H]1COC(N)=N1)c1ccccc1,Non-toxic
CHEMBL3781694,Cc1c(F)cccc1[C@H]1COC(N)=N1,Non-toxic
CHEMBL3785379,O=C1[C@H](c2ccc(F)cc2)[C@@H](c2ccc3c(c2)OCO3)N1C1CCN(C(=O)n2cncn2)CC1,Non-toxic
CHEMBL3785323,COc1ccc2nc(C(F)(F)F)c3c(c2c1)CC[C@]1(C[C@H]2C(=O)N[C@]4(C(=O)NS(=O)(=O)C5(C)CC5)C[C@H]4/C=C\CCCCC[C@H](NC(=O)OCC(C)C)C(=O)N2C1)O3,Non-toxic
CHEMBL3786189,CC(C)(C)C[C@@H](O)C(=O)N1N=CC[C@H]1C(=O)NCc1cc(Cl)ccc1-n1cnnn1,Non-toxic
CHEMBL3785469,CC(C)(C)C[C@@H](N)C(=O)N1N=CC[C@H]1C(=O)NCc1cc(Cl)ccc1-n1cnnn1,Non-toxic
CHEMBL3792764,Cc1c2cc(-n3ccc(OCc4ccc(F)cc4)cc3=O)ccc2nn1C,Non-toxic
CHEMBL3794256,Cc1c2cc(-n3ccc(OCc4ccc(Cl)cc4)cc3=O)ccc2nn1C1CC1,Non-toxic
CHEMBL3578243,Cc1c2cc(-n3ccc(OCc4ccc(F)cc4)cc3=O)ccc2nn1C1CC1,Non-toxic
CHEMBL3578244,Cc1c2cc(-n3ccc(OCc4csc(C(F)(F)F)c4)cc3=O)ccc2nn1C1CC1,Non-toxic
CHEMBL3578242,Cc1c2cc(-n3ccc(OCc4ccc(Cl)cc4)cc3=O)ccc2nn1C,Non-toxic
CHEMBL89295,[N-]=[N+]=[N-].[Na+],Toxic
CHEMBL3800530,O=[N+]([O-])c1ccc(CSc2nnc(-c3ccccc3)o2)c([N+](=O)[O-])c1,Toxic
CHEMBL3798565,O=[N+]([O-])c1cc(CSc2nnc(-c3ccccc3)o2)cc([N+](=O)[O-])c1,Toxic
CHEMBL3799678,O=[N+]([O-])c1cc(CSc2nnc(-c3cccc(Cl)c3)o2)cc([N+](=O)[O-])c1,Non-toxic
CHEMBL3800474,Cc1ccc(-c2nnc(SCc3cc([N+](=O)[O-])cc([N+](=O)[O-])c3)o2)cc1,Non-toxic
CHEMBL3800547,COc1cccc(-c2nnc(SCc3cc([N+](=O)[O-])cc([N+](=O)[O-])c3)o2)c1,Non-toxic
CHEMBL3797554,O=[N+]([O-])c1ccc(-c2nnc(SCc3cc([N+](=O)[O-])cc([N+](=O)[O-])c3)o2)cc1,Non-toxic
CHEMBL3798641,O=[N+]([O-])c1cc(CSc2nnc(-c3ccccc3)s2)cc([N+](=O)[O-])c1,Non-toxic
CHEMBL3798295,O=[N+]([O-])c1cc(CSc2nnc(-c3ccc(Cl)cc3)s2)cc([N+](=O)[O-])c1,Non-toxic
CHEMBL3800450,COc1cccc(-c2nnc(SCc3cc([N+](=O)[O-])cc([N+](=O)[O-])c3)s2)c1,Non-toxic
CHEMBL3797309,O=[N+]([O-])c1ccc(-c2nnc(SCc3cc([N+](=O)[O-])cc([N+](=O)[O-])c3)s2)cc1,Toxic
CHEMBL351487,O=[N+]([O-])c1ccc2c(c1)Cc1ccccc1-2,Toxic
CHEMBL3804964,Cc1noc(C)c1[C@@H]1C[C@@](C)(c2cc(N)cc(F)c2F)N=C(N)S1,Non-toxic
CHEMBL3804846,O=C1N[C@H](c2cncc(C#Cc3ccccc3)c2)[C@@H](c2cc(F)ccc2F)O1,Non-toxic
CHEMBL3805139,Cn1c(=O)n(CC(C)(C)C)c2ccc(C3=C[C@@H]4CC[C@H]3CN4C(=O)c3ccon3)nc21,Non-toxic
CHEMBL3809633,O=C(Cc1cc(C(F)(F)F)cc(C(F)(F)F)c1)Nc1ccc(NC(=O)c2cscn2)cc1,Toxic
CHEMBL3809142,O=C(Cc1ccc(NC(=O)c2cscn2)cc1)Nc1cc(C(F)(F)F)cc(C(F)(F)F)c1,Toxic
CHEMBL3809040,O=C(Nc1ccc(-c2c[nH]c(-c3cc(C(F)(F)F)cc(C(F)(F)F)c3)n2)cc1)c1cscn1,Toxic
CHEMBL3808454,O=C(Nc1ccc2nc(NCc3cc(C(F)(F)F)cc(C(F)(F)F)c3)sc2c1)c1cscn1,Toxic
CHEMBL3808823,O=C(Cc1ccc(NC(=O)c2cscn2)cn1)Nc1cc(C(F)(F)F)cc(C(F)(F)F)c1,Toxic
CHEMBL3809382,O=C(Cc1ccc(NC(=O)c2cscn2)nc1)Nc1cc(C(F)(F)F)cc(C(F)(F)F)c1,Toxic
CHEMBL3808597,O=C(Nc1ccc2nc(Cc3cc(C(F)(F)F)cc(C(F)(F)F)c3)[nH]c2c1)c1cscn1,Toxic
CHEMBL3810031,O=C(Cc1cc(C(F)(F)F)cc(C(F)(F)F)c1)Nc1ccc2nc(NC(=O)c3cscn3)sc2c1,Toxic
CHEMBL3809702,O=C(Cn1ccc(NC(=O)c2cscn2)cc1=O)Nc1cc(C(F)(F)F)cc(C(F)(F)F)c1,Non-toxic
CHEMBL3828718,COC(=O)N(CC(=O)O)Cc1cc(OCc2nc(-c3ccc(Cl)cc3)oc2C)ccc1F,Non-toxic
CHEMBL3941914,Cc1nc(C)c(-c2csc(Nc3ccc(C(=O)N4C5CCC4CN(c4ncc(C(F)(F)F)cn4)C5)cn3)n2)s1,Non-toxic
CHEMBL3984425,C[C@H](NC(=O)c1c(N)nn2cccnc12)c1cc2cccc(C#Cc3cnn(C)c3)c2c(=O)n1-c1ccccc1,Non-toxic
CHEMBL3976702,COc1ccc(CCNc2nc3cc(Cl)ccc3c(=O)n2C)cc1,Non-toxic
CHEMBL3906074,Cc1nc(C)c(-c2csc(Nc3ccc(C(=O)N4C5COCC4CC(=O)C5)cn3)n2)s1,Non-toxic
CHEMBL3959018,Clc1ccc2nc(N3CCCCC3)c(-c3nnn[nH]3)c(-c3ccccc3)c2c1,Non-toxic
CHEMBL3909156,COC(=O)CN/C=C1/C(=O)C=Cc2ccccc21,Non-toxic
CHEMBL3933212,COc1cnc(O[C@@H]2C[C@@H](C(=O)N[C@]3(C(=O)NS(=O)(=O)C4CC4)C[C@H]3C3CC3)N(C(=O)[C@@H](NC(=O)O[C@H](C)C(F)(F)F)C3CCCCC3)C2)c2cc(Cl)ccc12,Non-toxic
CHEMBL3415583,Cc1cc(C)nc(Nc2cc(N[C@@H]3CCCC[C@@H]3N)cnc2C(N)=O)c1,Toxic
CHEMBL3963092,Cn1cc(-c2cc(N[C@@H]3CCCC[C@@H]3N)cnc2C(N)=O)cn1,Non-toxic
CHEMBL3935657,C[C@H](N)CNc1cnc(C(N)=O)c(-c2cnn(C)c2)n1,Non-toxic
CHEMBL3951922,C[C@H](N)CNc1cnc(C(N)=O)c(-c2cc3ccccc3[nH]2)n1,Non-toxic
CHEMBL3414584,NC(=O)c1ncc(N[C@@H]2CCCC[C@@H]2N)nc1-c1cc2ccccc2[nH]1,Non-toxic
CHEMBL3943181,NC(=O)c1ncc(N[C@@H]2CCCC[C@@H]2N)nc1-c1nc2ccccc2[nH]1,Non-toxic
CHEMBL3972739,C[C@H](N)CNc1cnc(C(N)=O)c(-c2cc3ccccc3o2)n1,Non-toxic
CHEMBL3934210,NC(=O)c1ncc(N[C@@H]2CCCC[C@@H]2N)cc1/C=C/c1ccccc1,Non-toxic
CHEMBL3961713,NC(=O)c1ncc(N[C@@H]2CCCC[C@@H]2N)cc1COc1ccccc1,Non-toxic
CHEMBL3925317,NC(=O)c1ncc(N[C@@H]2CCCC[C@@H]2N)cc1C#Cc1ccccc1,Non-toxic
CHEMBL3415610,COc1cccc2[nH]c(-c3nc(N[C@@H]4CCOC[C@@H]4N)cnc3C(N)=O)cc12,Non-toxic
CHEMBL4093905,C/C(N)=N\C(=N/S(=O)(=O)c1ccc(Cl)cc1)N1C[C@H](c2ccccc2)C(c2ccc(Cl)cc2)=N1,Non-toxic
CHEMBL4079675,COc1c(Cl)cc(-c2ccc(C(=O)c3c(F)ccc(O)c3F)s2)cc1Cl,Non-toxic
CHEMBL3644620,CCc1cc(O)c(F)cc1-c1ccc2c(-c3nc4c([nH]3)CCN(C(=O)c3cnc(N5CCCCC5)cn3)C4)n[nH]c2c1,Non-toxic
CHEMBL4064672,COC(=O)C1=C(CN2CCOC[C@H]2C(=O)O)NC(c2nccs2)=N[C@H]1c1ccc(F)cc1Cl,Non-toxic
CHEMBL4064834,Cc1cc2oc(=O)[nH]c2cc1Cl.NC(CO)(CO)CO,Non-toxic
CHEMBL4092048,COc1cc2c(cc1OC)C(=O)C(Cc1cc[n+](Cc3cccc(Cl)c3)cc1C(N)=O)C2.[Br-],Non-toxic
CHEMBL4101303,COc1cc2c(cc1OC)C(=O)C(CC1C=CN(Cc3cccc(Cl)c3)C=C1C(N)=O)C2,Non-toxic
CHEMBL3908849,NC(=O)n1cc(NC(=O)N2CCC[C@H]2C(=O)Nc2cccc(OC(F)(F)F)c2)c2ccccc21,Non-toxic
CHEMBL3683753,NC(=O)c1nn(CC(=O)N2[C@H](C(=O)Nc3cccc(Br)n3)C[C@H]3C[C@H]32)c2ccccc12,Non-toxic
CHEMBL4094440,NS(=O)(=O)c1cncc(-c2nc(NCc3ccccn3)c3c(-c4ccccc4)cccc3n2)c1,Non-toxic
CHEMBL4074410,COc1ccc(-c2nnc(-c3ccc4nc(-c5c(C)cc(CC(C)(C)C(=O)O)cc5C)[nH]c4c3)o2)cc1,Non-toxic
CHEMBL4097298,COc1cncc(Cc2cc(-c3ccccc3)no2)c1,Non-toxic
CHEMBL4079276,Cc1cncc(Cc2cc(-c3ccccc3)no2)c1,Non-toxic
CHEMBL4070442,C[C@]1(O)CCN(c2nc(N3C[C@H](O)[C@@H](O)C3)cc(C(F)(F)F)c2C#N)C1,Non-toxic
CHEMBL4060985,O=C(Nc1ccc(-c2ccc(C(=O)Nc3cccc4cccc(S(=O)(=O)O)c34)cc2)cc1)c1ccc([N+](=O)[O-])cc1,Non-toxic
CHEMBL4080373,COC(=O)c1ccc(C(=O)Nc2ccc(-c3ccc(C(=O)Nc4cccc5cccc(S(=O)(=O)O)c45)cc3)cc2)cc1,Non-toxic
CHEMBL4076989,CC(C)CN(CCc1ccc(Cl)cc1)C1CCN(c2nc(N)n[nH]2)CC1,Non-toxic
CHEMBL4065122,C[C@H]1CN(C2COC2)CCN1c1ccc(Nc2cc(-c3ccnc(N4CCn5c(cc6c5CC(C)(C)C6)C4=O)c3CO)cn(C)c2=O)nc1,Non-toxic
CHEMBL4080228,COc1cc(C)[nH]c(=O)c1CN1CCc2c(Cl)cc([C@H](OC)C3COC3)c(Cl)c2C1=O,Non-toxic
CHEMBL2181928,C[C@@H]1CN(c2ccc3c(n2)NC(=O)CO3)[C@H](c2ccccc2)CO1,Non-toxic
CHEMBL4104117,O=C(NO)c1ccc(CNc2cccc3cccnc23)cc1,Non-toxic
CHEMBL4085181,CCOC(=O)C1=C(CN2CCO[C@H](CCC(=O)O)C2)NC(c2nccs2)=N[C@H]1c1ccc(F)cc1Br,Non-toxic
CHEMBL1773422,CC(=O)Nc1cc(-c2c(-c3ccc(F)cc3)nc([S+](C)[O-])n2C)ccn1,Non-toxic
CHEMBL4103847,Cc1cc(COc2nc(N)nc3ccn(Cc4ccccn4)c23)no1,Non-toxic
CHEMBL3961632,Cc1cccc(-c2cc(N)nc3[nH]cc(C#N)c23)c1,Non-toxic
CHEMBL3794197,Nc1c(Cc2cccc3ccccc23)c(C2CC2)c2n(c1=O)C(C(=O)Nc1ccccc1)CS2,Non-toxic
CHEMBL4087188,Nc1c(Cc2cccc3ccccc23)c(C2CC2)c2n(c1=O)C(n1cc(-c3ccccc3)nn1)CS2,Non-toxic
CHEMBL4074384,O=c1cc(Cc2cccc3ccccc23)c(C2CC2)c2n1C(n1cc(-c3ccccc3)nn1)CS2,Non-toxic
CHEMBL4089964,COc1ccc(Cl)cc1C(=O)NCCc1ccc(CCC(=O)NO)cc1,Non-toxic
CHEMBL4068870,COc1ccc(Cl)cc1C(=O)NCCc1ccc(/C=C/C(=O)NO)cc1,Non-toxic
CHEMBL4087230,COc1ccc(Cl)cc1C(=O)NCCc1cccc(/C=C/C(=O)NO)c1,Non-toxic
CHEMBL4067480,O=C(/C=C/c1ccc(CCNC(=O)c2cc(C(F)(F)F)ccc2Cl)cc1)NO,Non-toxic
CHEMBL4078380,O=C(/C=C/c1ccc(CCNC(=O)c2ccc3c(c2)OCO3)cc1)NO,Toxic
CHEMBL4075984,O=C(/C=C/c1ccc(CCNC(=O)c2ccc3c(c2)OCCO3)cc1)NO,Non-toxic
CHEMBL4069669,O=C(/C=C/c1ccc(CCNC(=O)c2cncc(F)c2)cc1)NO,Non-toxic
CHEMBL4069152,O=C(/C=C/c1ccc(CCNC(=O)c2ccc3ncccc3c2)cc1)NO,Non-toxic
CHEMBL4062319,Cc1nnc2sc(C(=O)NC3CN(c4cccc(F)c4F)C3)c(N)c2c1C,Non-toxic
CHEMBL2386850,Cc1cc(Oc2cncnc2)cc(C(=O)Nc2ccc(F)cn2)n1,Non-toxic
CHEMBL4087906,O=C(CN1CCCC2=C1C(=O)N(C1CC1)C2=O)Nc1ccc(-c2cccnc2)nn1,Non-toxic
CHEMBL4095528,NC(=O)C(=O)C(Cc1ccccc1)NC(=O)c1cccnc1-n1ccc(-c2ccccc2)n1,Non-toxic
CHEMBL4063636,NC(=O)C(=O)C(Cc1ccccc1)NC(=O)c1cccnc1-n1ccc(-c2ccc(F)cc2)n1,Non-toxic
CHEMBL4060556,O=C(c1ccccc1)N1CCc2oc(-c3ccc(F)cn3)nc2C1,Non-toxic
CHEMBL4102181,O=C(c1cccc(F)c1)N1CCc2oc(-c3ccc(F)cn3)nc2C1,Non-toxic
CHEMBL4087545,O=C(c1cc(F)cc(Cl)c1)N1CCc2oc(-c3ccc(F)cn3)nc2C1,Non-toxic
CHEMBL4088036,CCCCc1cc(OC2CCN(CCCCNS(=O)(=O)CC)CC2)c2ncccc2c1.Cl.Cl,Non-toxic
CHEMBL4069936,Cc1ncc(F)cc1NC(=O)C[C@H](C(=O)N[C@@H]1C(=O)N2CC3(CC3)CN2C(=O)c2ccccc21)C1CC1,Non-toxic
CHEMBL4079206,CN1CC[C@H](c2c(O)cc(O)c3c(=O)cc(/C=C/c4c(Cl)cccc4Cl)oc23)[C@H](O)C1,Non-toxic
CHEMBL4080076,Cc1c(-c2ccc(N3CCC(F)(F)C3)cc2)[nH]c2cc(F)cc(F)c2c1=O,Non-toxic
CHEMBL4079209,Cc1cn2cc(-c3cc4ccc(N5CCN(C)CC5)cc4c(=O)o3)nc2c(C)n1,Toxic
CHEMBL4081789,Cc1cn2cc(NC(=O)c3ccc(N4CCN(C)CC4)cc3)nc2c(C)n1,Non-toxic
CHEMBL4100874,CCN1CCN(c2ccc3cc(-c4cn5cc(C)nc(C)c5n4)c(=O)oc3c2)C[C@@H]1C,Toxic
CHEMBL4064782,Cc1cn2cc(NC(=O)c3ccc(N4CCNC(C)C4)cc3F)nc2c(C)n1,Toxic
CHEMBL4065528,Cc1cn2nc(NC(=O)c3ccc(N4CCNC(C)C4)cc3F)nc2c(C)n1,Non-toxic
CHEMBL4076963,Cc1cn2cc(NC(=O)c3ccc(N4CCNCC4)cc3F)cc(F)c2n1,Toxic
CHEMBL4092204,Cc1nc2c(F)cc(NC(=O)c3ccc(N4CCNCC4)cc3F)cc2o1,Non-toxic
CHEMBL4062776,Cc1cn2cc(NC(=O)c3ccc(N4CCNC(C)C4)cc3F)c(C)cc2n1,Non-toxic
CHEMBL4084454,Cc1cn2cc(NC(=O)c3ccc(N4CCNCC4)cc3F)ncc2n1,Non-toxic
CHEMBL4063337,Cl.NCc1ccnc(Oc2cccc(C(=O)N3C[C@@H](O)[C@H](F)C3)c2)c1,Non-toxic
CHEMBL4096060,O=C(/C=C/c1ccc(CCNC(=O)c2cc(Cc3n[nH]c(=O)c4ccccc34)ccc2F)cc1)NO,Non-toxic
CHEMBL4078014,O=C(/C=C/c1ccc(CN2CCN(C(=O)c3cc(Cc4n[nH]c(=O)c5ccccc45)ccc3F)CC2)cc1)NO,Non-toxic
CHEMBL98,O=C(CCCCCCC(=O)Nc1ccccc1)NO,Non-toxic
CHEMBL3765513,COC(=O)N[C@H](C(=O)N1CC(F)(F)C[C@H]1c1ncc(-c2ccc(-c3ccc4c(ccc5nc([C@@H]6C[Si](C)(C)CN6C(=O)[C@@H](NC(=O)OC)C(C)C)[nH]c54)c3)cc2)[nH]1)C(C)C,Non-toxic
CHEMBL4129589,c1ccc2c(OCCCCCN3CCCCCC3)cccc2c1,Non-toxic
CHEMBL4126298,CC1CCCN(CCCCCOc2cccc3ccccc23)C1,Non-toxic
CHEMBL4126145,c1ccc2c(OCCCCCN3CCCCC3)cccc2c1,Non-toxic
CHEMBL4126289,CC1(C)OCCn2c1nc(C(=O)NCc1ccc(F)cc1)c(O)c2=O,Non-toxic
CHEMBL4126773,COc1cc(-c2ccc3c(n2)[C@@H](C)N(c2cnn(CC(F)(F)F)c2)C3=O)cnc1OC,Non-toxic
CHEMBL4129609,O=C(O)c1csc(-n2nc(-c3ccccc3)c3ccc(C(F)(F)F)nc32)n1,Non-toxic
CHEMBL487217,O=C(/C=C/c1cccc2ccccc12)c1ccccc1,Non-toxic
CHEMBL4160073,O=C(CC(CC(=O)c1ccccc1)c1cccc2ccccc12)c1ccccc1,Non-toxic
CHEMBL1098239,O=C(/C=C/c1ccc2ccccc2c1)c1ccccc1,Non-toxic
CHEMBL487051,O=C(/C=C/c1cccc2ccccc12)c1ccccc1O,Non-toxic
CHEMBL510834,O=C(/C=C/c1ccc2ccccc2c1)c1ccccc1O,Non-toxic
CHEMBL4166894,O=C(/C=C/c1ccccc1)c1cccc2ccccc12,Non-toxic
CHEMBL4161610,O=C(/C=C/c1cccc2ccccc12)c1c(O)ccc2ccccc12,Non-toxic
CHEMBL4169525,O=C(/C=C/c1ccc2ccccc2c1)c1c(O)ccc2ccccc12,Non-toxic
CHEMBL17200,O=C(/C=C/c1ccccc1)c1ccc2ccccc2c1,Non-toxic
CHEMBL4168445,O=C(CC(O)c1ccccc1)c1ccc2ccccc2c1,Non-toxic
CHEMBL4176307,O=C(/C=C/c1ccc2ccccc2c1)c1ccc2ccccc2c1O,Non-toxic
CHEMBL1935209,O=C(/C=C/c1ccccc1)c1ccc2ccccc2c1O,Non-toxic
CHEMBL4172921,O=C(/C=C/c1ccnc2ccccc12)c1cccc2ccccc12,Non-toxic
CHEMBL4175247,O=C(/C=C/c1ccnc2ccccc12)c1ccc2ccccc2c1,Non-toxic
CHEMBL4164616,O=C(/C=C/c1ccnc2ccccc12)c1ccc2ccccc2c1O,Non-toxic
CHEMBL4173604,O=C(/C=C/c1ccnc2ccccc12)c1ccccc1O,Non-toxic
CHEMBL4165686,O=C(/C=C/c1cccc(Br)n1)c1ccccc1O,Non-toxic
CHEMBL4170149,O=C(/C=C/c1cccnc1Br)c1ccccc1O,Non-toxic
CHEMBL4162238,O=C(/C=C/c1cncc(Br)c1)c1ccccc1O,Non-toxic
CHEMBL4166739,O=C(/C=C/c1cncc(Br)c1)c1ccc2ccccc2c1O,Non-toxic
CHEMBL4165225,C[C@]1(c2cc(NC(=O)c3ccc(C#N)cn3)ccc2F)N=C(N)CO[C@H]1C(F)(F)F,Non-toxic
CHEMBL3634345,C[C@]1(c2cc(N)ccc2F)N=C(N)CO[C@H]1C(F)(F)F,Non-toxic
CHEMBL4168973,NC1=NS(=O)(=O)Nc2nc(Cc3ccccc3)[nH]c21,Non-toxic
CHEMBL4162928,CN1c2nc(-c3ccccc3)[nH]c2C(N)=NS1(=O)=O,Non-toxic
CHEMBL4161560,NC1=NS(=O)(=O)N(Cc2ccccc2)c2nc(-c3ccccc3)n(Cc3ccccc3)c21,Non-toxic
CHEMBL290960,CC1CS(=O)(=O)CCN1/N=C/c1ccc([N+](=O)[O-])o1,Non-toxic
CHEMBL4175981,CC(C)(C)[C@@H](CO)NC(=O)c1nn(-c2c[n+]([O-])ccn2)c2c1C[C@@H]1C[C@H]21,Non-toxic
CHEMBL4176968,CC[C@@]1(CC(=O)O)CCc2cc(-c3ccc(NC(=O)Nc4cccc(C(F)(F)F)c4)cc3)ccc2C1=O,Non-toxic
CHEMBL4173715,O=C(O)C[C@]1(CC(F)(F)F)CCc2cc(-c3cnc(NC(=O)Nc4ccc(F)c(F)c4)cn3)ccc2C1=O,Non-toxic
CHEMBL1162293,Nc1cccc(C(F)(F)F)c1,Non-toxic
CHEMBL4170934,CCC1(CC(=O)O)CCc2cc(-c3ccc(N)cc3)ccc2C1=O,Toxic
CHEMBL4159471,Cc1cc(NC(=O)c2cccc(S(=O)(=O)N[C@H]3CCOC3)c2)ccc1F,Non-toxic
CHEMBL3892956,Cc1ccc(CN2CC[C@@H](N3CC[C@@H](c4ccc(O)cc4)[C@H](F)C3)C2=O)cc1,Non-toxic
CHEMBL4166144,COc1ncc(-c2cc(OC3CCOCC3)c3nc(N)nc(C)c3c2)cc1NS(=O)(=O)c1ccc(F)cc1F,Non-toxic
CHEMBL4176771,COc1ncc(-c2cc(O[C@@H]3CCOC3)c3nc(N)nc(C)c3c2)cc1NS(=O)(=O)c1ccc(F)cc1F,Non-toxic
CHEMBL4166594,CNc1nc(C)c2cc(-c3cnc(OC)c(NS(=O)(=O)c4ccc(F)cc4F)c3)cc(OC3CCOCC3)c2n1,Toxic
CHEMBL4174909,CNc1nc(C)c2cc(-c3cnc(OC)c(NS(=O)(=O)c4ccc(F)cc4F)c3)cc(O[C@@H]3CCOC3)c2n1,Non-toxic
CHEMBL4164756,Cn1cnc(S(=O)(=O)N2CC(NC(=O)c3cccc(C(F)(F)F)c3Cl)C(c3ccccc3)C2)c1,Non-toxic
CHEMBL4172970,Cc1cccc(NC2CN(S(=O)(=O)c3cn(C)cn3)CC2c2ccccc2)c1,Non-toxic
CHEMBL4162199,Cn1cnc(S(=O)(=O)N2CC(Nc3ccccc3)C(c3ccccc3)C2)c1,Non-toxic
CHEMBL4162376,Cc1ccccc1NC1CN(S(=O)(=O)c2cn(C)cn2)CC1c1ccccc1,Non-toxic
CHEMBL4169148,Cc1ccc(NC2CN(S(=O)(=O)c3cn(C)cn3)CC2c2ccccc2)cc1,Non-toxic
CHEMBL4162798,Cn1cnc(S(=O)(=O)N2CC(Nc3cccc(C(F)(F)F)c3)C(c3ccccc3)C2)c1,Non-toxic
CHEMBL4176431,Cn1cnc(S(=O)(=O)N2CC(Nc3cccc(C(F)(F)F)c3)C(c3ccc(F)cc3)C2)c1,Non-toxic
CHEMBL4174148,Cn1cnc(S(=O)(=O)N2CC(Nc3cccc(Cl)c3)C(c3ccc(F)cc3)C2)c1,Non-toxic
CHEMBL4166232,Cn1cnc(S(=O)(=O)N2CC(Nc3ccc(F)c(C(F)(F)F)c3)C(c3ccc(F)cc3)C2)c1,Non-toxic
CHEMBL4167394,Cn1cnc(S(=O)(=O)N2CC(Nc3cncc(C(F)(F)F)c3)C(c3ccc(F)cc3)C2)c1,Non-toxic
CHEMBL4175269,Cn1cnc(S(=O)(=O)N2CC(Nc3cccc(Cl)c3)C(c3cccc(F)c3)C2)c1,Non-toxic
CHEMBL4170790,Cn1cnc(S(=O)(=O)N2CC(Nc3cccc(Cl)c3)C(c3ccccc3F)C2)c1,Non-toxic
CHEMBL4160146,Cn1cnc(S(=O)(=O)N2CC(Nc3ccnc(C(F)(F)F)c3)C(c3ccc(F)cc3)C2)c1,Non-toxic
CHEMBL4174212,Cn1cnc(S(=O)(=O)N2CC(Nc3cccc(C(F)(F)F)c3)C(c3cccnc3)C2)c1,Non-toxic
CHEMBL4163515,Cn1cnc(S(=O)(=O)N2C[C@H](c3ccc(F)cc3)[C@@H](Nc3cccc(C(F)(F)F)c3)C2)c1,Non-toxic
CHEMBL4159064,Cn1cnc(S(=O)(=O)N2C[C@H](c3ccc(F)cc3)[C@@H](Nc3cccc(OC(F)(F)F)c3)C2)c1,Non-toxic
CHEMBL4166963,Cn1cnc(S(=O)(=O)N2C[C@H](c3ccc(F)cc3)[C@@H](Nc3cc(C(F)(F)F)ccn3)C2)c1,Non-toxic
CHEMBL4172249,Cn1cnc(S(=O)(=O)N2C[C@H](c3ccc(F)cc3)[C@@H](Nc3cc(C(F)(F)F)ncn3)C2)c1,Non-toxic
CHEMBL4161627,Cn1cnc(S(=O)(=O)N2C[C@H](c3ccc(F)cc3)[C@@H](Nc3ccc(F)c(OC(F)(F)F)c3)C2)c1,Non-toxic
CHEMBL4165362,Cn1cnc(S(=O)(=O)N2C[C@H](c3ccc(F)cc3)[C@@H](N[C@@H]3CCc4ccccc43)C2)c1,Non-toxic
CHEMBL4170207,O=c1[nH]c2c([N+](=O)[O-])cccc2cc1Br,Toxic
CHEMBL3742114,CCOC(=O)C1=C(CN2CCOCC2)NC(c2nccs2)=NC1c1ccc(F)cc1Br,Non-toxic
CHEMBL3989970,C=CC(=O)N[C@@H]1CN(c2nc(Nc3cn(C)nc3OC)c3ncn(C)c3n2)C[C@H]1F,Non-toxic
CHEMBL4209946,O=C(Cc1ccc(N2CC[C@H](F)C2)nc1)Nc1ccn(Cc2ccc(F)c(F)c2)n1,Toxic
CHEMBL4209829,Nc1ccn(CC2CCC(F)(F)CO2)n1,Toxic
CHEMBL4214866,O=C(O)c1coc(Cc2ccc(OC(F)(F)F)cc2)n1,Non-toxic
CHEMBL4217292,N#Cc1ccc(Cn2ccc(NC(=O)Cc3ccc(C4(C(F)(F)F)CC4)cc3)n2)nc1,Non-toxic
CHEMBL4206029,O=C1NCCN1CC(O)Cn1c2ccc(F)cc2c2cc(F)ccc21,Non-toxic
CHEMBL4215407,Cc1cc(COc2ccc(S(=O)(=O)N(C)C3(C(=O)NO)CN(C(=O)C(C)C)C3)cc2)c2ccccc2n1,Non-toxic
CHEMBL4208519,Cc1cc(COc2ccc(S(=O)(=O)N(C)C3(C(=O)NO)CN(C(=O)CC(C)C)C3)cc2)c2ccccc2n1,Non-toxic
CHEMBL4202767,CCOc1c(Cl)cc(C(=O)Nc2ccc(C(=O)O)c(C)c2)cc1OC(C)C,Non-toxic
CHEMBL3302600,COc1ccccc1N1CCN(CC(O)CN2C(=O)NC(C)(c3ccc(F)cc3)C2=O)CC1,Non-toxic
CHEMBL1235570,CCCCCCCCCc1cc(O)c2ccccc2[n+]1[O-],Toxic
CHEMBL4208555,O=C(NC[C@@H](Cc1ccccc1)N1CCC(O)(C(F)(F)F)CC1)C1(c2ccc(Cl)cc2)CCCC1,Non-toxic
CHEMBL4213486,C[C@@]1(c2cc(NC(=O)c3ccc(C#N)cn3)ccc2F)C=C(CF)OC(N)=N1,Non-toxic
CHEMBL4217096,COc1ccc(NC(=O)N2CCN(c3nc(N)nc4scnc34)CC2)cc1,Non-toxic
CHEMBL4211181,COc1ccc(NC(=O)N2CCN(c3nc(N)nc4c3cnn4C)[C@@H](C)C2)c(C)c1,Non-toxic
CHEMBL4210830,COc1ccc(N)c(C)c1.Cl,Non-toxic
CHEMBL4216239,CC(=O)Nc1ccc(C)cc1C(=O)C(=O)NNC(=O)c1ccncc1,Toxic
CHEMBL64,NNC(=O)c1ccncc1,Toxic
CHEMBL4213018,CCOc1cc(-c2ccc(N)cc2)c[nH]c1=O,Toxic
CHEMBL4208109,COc1cc(-c2ccc(N)c(F)c2)c[nH]c1=O,Toxic
CHEMBL4216484,CCOc1cc(-c2ccc(N)c(F)c2)c[nH]c1=O,Toxic
CHEMBL4211518,CCN1CCN(Cc2ccc(N)cc2C(F)(F)F)CC1,Toxic
CHEMBL4210168,CC(C)(c1cc(N)no1)C(F)(F)F,Non-toxic
CHEMBL3355009,CCOc1cc(=O)[nH]cc1-c1ccc(CC(=O)Nc2cc(C(C)(C)C(F)(F)F)on2)c(F)c1,Non-toxic
CHEMBL4212873,COc1ccc(NC(C(=O)c2c[nH]c3ccccc23)c2ccccc2)cc1OC,Non-toxic
CHEMBL4205295,COc1cccc(NC(C(=O)c2c[nH]c3ccccc23)c2ccccc2)c1,Non-toxic
CHEMBL4205724,COc1cncc(NC(C(=O)c2c[nH]c3ccccc23)c2ccccc2)c1,Non-toxic
CHEMBL4215935,COc1cc(NC(C(=O)c2c[nH]c3ccc(F)cc23)c2ccccc2)cc(OC)c1,Non-toxic
CHEMBL4212403,COc1cc(NC(C(=O)c2c[nH]c3ccccc23)c2ccccc2)cc(OC)c1,Non-toxic
CHEMBL4215451,Cl.NCc1ccc(Oc2ccc(S(=O)(=O)C[C@H]3CS3)cc2)cc1,Non-toxic
CHEMBL4226803,CCc1ccc(N(CC(C)C)S(=O)(=O)c2ccc(OCC3CCOCC3)c([S@@](C)(=N)=O)c2)cc1,Non-toxic
CHEMBL4226421,CCc1ccc(N(CC(C)C)S(=O)(=O)c2ccc(OCC3CCOCC3)c([S@](C)(=N)=O)c2)cc1,Non-toxic
CHEMBL4281975,COc1cncc(Cc2ccc(-c3ccccc3F)nc2)c1,Non-toxic
CHEMBL4216951,Cn1nccc1-c1ncnc2c1cnn2CCN1CCCCC1,Non-toxic
CHEMBL4288001,CC#C[C@@H](CC(=O)O)c1ccc(OC[C@H]2COc3ccc(Cl)cc3O2)cc1,Non-toxic
CHEMBL146624,CCc1ccc(C(=O)COc2ccc(CC3SC(=O)NC3=O)cc2)nc1,Non-toxic
CHEMBL4291468,COc1cccc(C(=O)COc2ccc(CC3SC(=O)NC3=O)cc2)c1,Non-toxic
CHEMBL4291768,CSc1cc(C)nc(SC)c1NC(=O)CN1CCN(CCSc2nc3ncccc3o2)CC1,Non-toxic
CHEMBL4288347,CSc1cc(C)nc(SC)c1NC(=O)CN1CCN(CCSc2nc3ccccc3[nH]2)CC1.Cl,Non-toxic
CHEMBL4282905,CSc1cc(C)nc(SC)c1NC(=O)CN1CCN(CCSc2nc3ccccc3o2)CC1,Non-toxic
CHEMBL4283853,COCCCOc1cc2c(cc1OC)-c1cc(=O)c(C(=O)O)cn1[C@H](C(C)C)C2,Non-toxic
CHEMBL4284040,N#C/C(=C\c1cccc2cnccc12)c1c[nH]c2ccccc12,Non-toxic
CHEMBL3945880,O=c1cc(NC2CCN(S(=O)(=O)C(F)(F)F)CC2)c2cc(C(c3ccc(Cl)cc3)c3ccc(Cl)cc3)ccc2[nH]1,Non-toxic
CHEMBL4514379,N#Cc1cnc2ccc(-c3c(-c4ccc(F)c(Cl)c4)ncn3CCO)nn12,Non-toxic
CHEMBL4554511,CC(C)(C)OC(=O)Nc1ccc(-c2cc(C(=O)NCCc3cc(C(=O)NO)no3)no2)cc1,Non-toxic
